/* Auto-generated by tools/build_gax_catalog.py — do not edit. */
#include "runtime.h"
#include "gax_catalog.h"

APPEND_RODATA const u16 gGaxMusicCount = 1;
APPEND_RODATA const u16 gGaxVoiceCount = 2;

/* music 0 test_bgm: vanilla module */
#define GAX_MUSIC_PTR_0 ((const void *)0x081310F0)

APPEND_RODATA const void *const gGaxMusicTable[] = {
    GAX_MUSIC_PTR_0,
};

APPEND_RODATA static const u8 sVoiceBlob_0[] = {
    0xD0, 0x00, 0x04, 0x09, 0x0E, 0x12, 0x17, 0x1B, 0x1F, 0x22, 0x25, 0x28, 0x2A, 0x2C, 0x2D, 0x2E,
    0x2E, 0x2E, 0x2E, 0x2C, 0x2B, 0x29, 0x26, 0x23, 0x20, 0x1C, 0x18, 0x14, 0x10, 0x0B, 0x06, 0x01,
    0xFD, 0xD0, 0xF8, 0xF3, 0xEF, 0xEA, 0xE6, 0xE2, 0xDE, 0xDB, 0xD8, 0xD6, 0xD4, 0xD2, 0xD1, 0xD1,
    0xD1, 0xD1, 0xD2, 0xD3, 0xD5, 0xD8, 0xDA, 0xDE, 0xE1, 0xE5, 0xE9, 0xED, 0xF2, 0xF7, 0xFC, 0x00,
    0x05, 0x0A, 0xD0, 0x0F, 0x13, 0x17, 0x1B, 0x1F, 0x23, 0x26, 0x28, 0x2A, 0x2C, 0x2D, 0x2E, 0x2E,
    0x2E, 0x2D, 0x2C, 0x2A, 0x28, 0x26, 0x23, 0x1F, 0x1C, 0x18, 0x13, 0x0F, 0x0A, 0x05, 0x01, 0xFC,
    0xF7, 0xF2, 0xEE, 0xD0, 0xE9, 0xE5, 0xE1, 0xDE, 0xDB, 0xD8, 0xD5, 0xD4, 0xD2, 0xD1, 0xD1, 0xD1,
    0xD1, 0xD2, 0xD4, 0xD6, 0xD8, 0xDB, 0xDE, 0xE2, 0xE6, 0xEA, 0xEE, 0xF3, 0xF8, 0xFC, 0x01, 0x06,
    0x0B, 0x0F, 0x14, 0x18, 0xD0, 0x1C, 0x20, 0x23, 0x26, 0x29, 0x2B, 0x2C, 0x2E, 0x2E, 0x2E, 0x2E,
    0x2D, 0x2C, 0x2A, 0x28, 0x25, 0x22, 0x1F, 0x1B, 0x17, 0x13, 0x0E, 0x09, 0x05, 0x00, 0xFB, 0xF6,
    0xF1, 0xED, 0xE9, 0xE4, 0xE1, 0xD0, 0xDD, 0xDA, 0xD7, 0xD5, 0xD3, 0xD2, 0xD1, 0xD1, 0xD1, 0xD1,
    0xD3, 0xD4, 0xD6, 0xD9, 0xDC, 0xDF, 0xE3, 0xE6, 0xEB, 0xEF, 0xF4, 0xF8, 0xFD, 0x02, 0x07, 0x0C,
    0x10, 0x15, 0x19, 0x1D, 0x20, 0x24, 0xD0, 0x27, 0x29, 0x2B, 0x2D, 0x2E, 0x2E, 0x2E, 0x2E, 0x2D,
    0x2C, 0x2A, 0x27, 0x25, 0x22, 0x1E, 0x1A, 0x16, 0x12, 0x0D, 0x08, 0x04, 0xFF, 0xFA, 0xF5, 0xF1,
    0xEC, 0xE8, 0xE4, 0xE0, 0xDD, 0xDA, 0xD7, 0xD0, 0xD5, 0xD3, 0xD2, 0xD1, 0xD1, 0xD1, 0xD2, 0xD3,
    0xD4, 0xD7, 0xD9, 0xDC, 0xE0, 0xE3, 0xE7, 0xEB, 0xF0, 0xF5, 0xF9, 0xFE, 0x03, 0x08, 0x0D, 0x11,
    0x15, 0x1A, 0x1E, 0x21, 0x24, 0x27, 0x29, 0x2B, 0xD0, 0x2D, 0x2E, 0x2E, 0x2E, 0x2E, 0x2D, 0x2B,
    0x29, 0x27, 0x24, 0x21, 0x1D, 0x19, 0x15, 0x11, 0x0C, 0x08, 0x03, 0xFE, 0xF9, 0xF4, 0xF0, 0xEB,
    0xE7, 0xE3, 0xDF, 0xDC, 0xD9, 0xD6, 0xD4, 0xD3, 0xD2, 0xD0, 0xD1, 0xD1, 0xD1, 0xD2, 0xD3, 0xD5,
    0xD7, 0xDA, 0xDD, 0xE0, 0xE4, 0xE8, 0xEC, 0xF1, 0xF5, 0xFA, 0xFF, 0x04, 0x09, 0x0D, 0x12, 0x16,
    0x1A, 0x1E, 0x22, 0x25, 0x28, 0x2A, 0x2C, 0x2D, 0x2E, 0x2E, 0xD0, 0x2E, 0x2E, 0x2D, 0x2B, 0x29,
    0x26, 0x24, 0x20, 0x1D, 0x19, 0x15, 0x10, 0x0B, 0x07, 0x02, 0xFD, 0xF8, 0xF4, 0xEF, 0xEA, 0xE6,
    0xE2, 0xDF, 0xDB, 0xD9, 0xD6, 0xD4, 0xD2, 0xD1, 0xD1, 0xD1, 0xD1, 0xD0, 0xD2, 0xD3, 0xD5, 0xD7,
    0xDA, 0xDD, 0xE1, 0xE5, 0xE9, 0xED, 0xF2, 0xF6, 0xFB, 0x00, 0x05, 0x0A, 0x0E, 0x13, 0x17, 0x1B,
    0x1F, 0x22, 0x25, 0x28, 0x2A, 0x2C, 0x2D, 0x2E, 0x2E, 0x2E, 0x2D, 0x2C, 0xD0, 0x2B, 0x29, 0x26,
    0x23, 0x20, 0x1C, 0x18, 0x14, 0x0F, 0x0B, 0x06, 0x01, 0xFC, 0xF7, 0xF3, 0xEE, 0xEA, 0xE6, 0xE2,
    0xDE, 0xDB, 0xD8, 0xD6, 0xD4, 0xD2, 0xD1, 0xD1, 0xD1, 0xD1, 0xD2, 0xD4, 0xD6, 0xD0, 0xD8, 0xDB,
    0xDE, 0xE1, 0xE5, 0xEA, 0xEE, 0xF2, 0xF7, 0xFC, 0x01, 0x06, 0x0A, 0x0F, 0x14, 0x18, 0x1C, 0x1F,
    0x23, 0x26, 0x28, 0x2B, 0x2C, 0x2D, 0x2E, 0x2E, 0x2E, 0x2D, 0x2C, 0x2A, 0x28, 0x25, 0xD0, 0x22,
    0x1F, 0x1B, 0x17, 0x13, 0x0E, 0x0A, 0x05, 0x00, 0xFB, 0xF7, 0xF2, 0xED, 0xE9, 0xE5, 0xE1, 0xDD,
    0xDA, 0xD8, 0xD5, 0xD3, 0xD2, 0xD1, 0xD1, 0xD1, 0xD1, 0xD2, 0xD4, 0xD6, 0xD8, 0xDB, 0xDF, 0xD0,
    0xE2, 0xE6, 0xEA, 0xEF, 0xF3, 0xF8, 0xFD, 0x02, 0x07, 0x0B, 0x10, 0x14, 0x19, 0x1C, 0x20, 0x23,
    0x26, 0x29, 0x2B, 0x2C, 0x2E, 0x2E, 0x2E, 0x2E, 0x2D, 0x2C, 0x2A, 0x28, 0x25, 0x22, 0x1E, 0x1B,
    0xD0, 0x16, 0x12, 0x0E, 0x09, 0x04, 0xFF, 0xFA, 0xF6, 0xF1, 0xEC, 0xE8, 0xE4, 0xE0, 0xDD, 0xDA,
    0xD7, 0xD5, 0xD3, 0xD2, 0xD1, 0xD1, 0xD1, 0xD1, 0xD3, 0xD4, 0xD6, 0xD9, 0xDC, 0xDF, 0xE3, 0xE7,
    0xEB, 0xD0, 0xF0, 0xF4, 0xF9, 0xFE, 0x03, 0x07, 0x0C, 0x11, 0x15, 0x19, 0x1D, 0x21, 0x24, 0x27,
    0x29, 0x2B, 0x2D, 0x2E, 0x2E, 0x2E, 0x2E, 0x2D, 0x2B, 0x2A, 0x27, 0x24, 0x21, 0x1E, 0x1A, 0x16,
    0x11, 0x0D, 0xD0, 0x08, 0x03, 0xFE, 0xFA, 0xF5, 0xF0, 0xEC, 0xE7, 0xE3, 0xE0, 0xDC, 0xD9, 0xD7,
    0xD5, 0xD3, 0xD2, 0xD1, 0xD1, 0xD1, 0xD2, 0xD3, 0xD5, 0xD7, 0xD9, 0xDC, 0xE0, 0xE4, 0xE8, 0xEC,
    0xF0, 0xF5, 0xFA, 0xD0, 0xFF, 0x03, 0x08, 0x0D, 0x12, 0x16, 0x1A, 0x1E, 0x21, 0x25, 0x27, 0x2A,
    0x2C, 0x2D, 0x2E, 0x2E, 0x2E, 0x2E, 0x2D, 0x2B, 0x29, 0x27, 0x24, 0x21, 0x1D, 0x19, 0x15, 0x10,
    0x0C, 0x07, 0x02, 0xFE, 0xD0, 0xF9, 0xF4, 0xEF, 0xEB, 0xE7, 0xE3, 0xDF, 0xDC, 0xD9, 0xD6, 0xD4,
    0xD3, 0xD1, 0xD1, 0xD1, 0xD1, 0xD2, 0xD3, 0xD5, 0xD7, 0xDA, 0xDD, 0xE0, 0xE4, 0xE8, 0xED, 0xF1,
    0xF6, 0xFB, 0x00, 0x04, 0x09, 0xD0, 0x0E, 0x12, 0x17, 0x1B, 0x1F, 0x22, 0x25, 0x28, 0x2A, 0x2C,
    0x2D, 0x2E, 0x2E, 0x2E, 0x2E, 0x2C, 0x2B, 0x29, 0x26, 0x23, 0x20, 0x1C, 0x18, 0x14, 0x10, 0x0B,
    0x06, 0x01, 0xFD, 0xF8, 0xF3, 0xEF, 0xD0, 0xEA, 0xE6, 0xE2, 0xDE, 0xDB, 0xD8, 0xD6, 0xD4, 0xD2,
    0xD1, 0xD1, 0xD1, 0xD1, 0xD2, 0xD3, 0xD5, 0xD8, 0xDA, 0xDE, 0xE1, 0xE5, 0xE9, 0xED, 0xF2, 0xF7,
    0xFC, 0x00, 0x05, 0x0A, 0x0F, 0x13, 0x17, 0xD0, 0x1B, 0x1F, 0x23, 0x26, 0x28, 0x2A, 0x2C, 0x2D,
    0x2E, 0x2E, 0x2E, 0x2D, 0x2C, 0x2A, 0x28, 0x26, 0x23, 0x1F, 0x1C, 0x18, 0x13, 0x0F, 0x0A, 0x05,
    0x01, 0xFC, 0xF7, 0xF2, 0xEE, 0xE9, 0xE5, 0xE1, 0xD0, 0xDE, 0xDB, 0xD8, 0xD5, 0xD4, 0xD2, 0xD1,
    0xD1, 0xD1, 0xD1, 0xD2, 0xD4, 0xD6, 0xD8, 0xDB, 0xDE, 0xE2, 0xE6, 0xEA, 0xEE, 0xF3, 0xF8, 0xFC,
    0x01, 0x06, 0x0B, 0x0F, 0x14, 0x18, 0x1C, 0x20, 0x23, 0xD0, 0x26, 0x29, 0x2B, 0x2C, 0x2E, 0x2E,
    0x2E, 0x2E, 0x2D, 0x2C, 0x2A, 0x28, 0x25, 0x22, 0x1F, 0x1B, 0x17, 0x13, 0x0E, 0x09, 0x05, 0x00,
    0xFB, 0xF6, 0xF1, 0xED, 0xE9, 0xE4, 0xE1, 0xDD, 0xDA, 0xD7, 0xD0, 0xD5, 0xD3, 0xD2, 0xD1, 0xD1,
    0xD1, 0xD1, 0xD3, 0xD4, 0xD6, 0xD9, 0xDC, 0xDF, 0xE3, 0xE6, 0xEB, 0xEF, 0xF4, 0xF8, 0xFD, 0x02,
    0x07, 0x0C, 0x10, 0x15, 0x19, 0x1D, 0x20, 0x24, 0x27, 0x29, 0x2B, 0xD0, 0x2D, 0x2E, 0x2E, 0x2E,
    0x2E, 0x2D, 0x2C, 0x2A, 0x27, 0x25, 0x22, 0x1E, 0x1A, 0x16, 0x12, 0x0D, 0x08, 0x04, 0xFF, 0xFA,
    0xF5, 0xF1, 0xEC, 0xE8, 0xE4, 0xE0, 0xDD, 0xDA, 0xD7, 0xD5, 0xD3, 0xD2, 0xD0, 0xD1, 0xD1, 0xD1,
    0xD2, 0xD3, 0xD4, 0xD7, 0xD9, 0xDC, 0xE0, 0xE3, 0xE7, 0xEB, 0xF0, 0xF5, 0xF9, 0xFE, 0x03, 0x08,
    0x0D, 0x11, 0x15, 0x1A, 0x1E, 0x21, 0x24, 0x27, 0x29, 0x2B, 0x2D, 0x2E, 0x2E, 0xD0, 0x2E, 0x2E,
    0x2D, 0x2B, 0x29, 0x27, 0x24, 0x21, 0x1D, 0x19, 0x15, 0x11, 0x0C, 0x08, 0x03, 0xFE, 0xF9, 0xF4,
    0xF0, 0xEB, 0xE7, 0xE3, 0xDF, 0xDC, 0xD9, 0xD6, 0xD4, 0xD3, 0xD2, 0xD1, 0xD1, 0xD1, 0xD0, 0xD2,
    0xD3, 0xD5, 0xD7, 0xDA, 0xDD, 0xE0, 0xE4, 0xE8, 0xEC, 0xF1, 0xF5, 0xFA, 0xFF, 0x04, 0x09, 0x0D,
    0x12, 0x16, 0x1A, 0x1E, 0x22, 0x25, 0x28, 0x2A, 0x2C, 0x2D, 0x2E, 0x2E, 0x2E, 0x2E, 0x2D, 0xD0,
    0x2B, 0x29, 0x26, 0x24, 0x20, 0x1D, 0x19, 0x15, 0x10, 0x0B, 0x07, 0x02, 0xFD, 0xF8, 0xF4, 0xEF,
    0xEA, 0xE6, 0xE2, 0xDF, 0xDB, 0xD9, 0xD6, 0xD4, 0xD2, 0xD1, 0xD1, 0xD1, 0xD1, 0xD2, 0xD3, 0xD5,
    0xD0, 0xD7, 0xDA, 0xDD, 0xE1, 0xE5, 0xE9, 0xED, 0xF2, 0xF6, 0xFB, 0x00, 0x05, 0x0A, 0x0E, 0x13,
    0x17, 0x1B, 0x1F, 0x22, 0x25, 0x28, 0x2A, 0x2C, 0x2D, 0x2E, 0x2E, 0x2E, 0x2D, 0x2C, 0x2B, 0x29,
    0x26, 0xD0, 0x23, 0x20, 0x1C, 0x18, 0x14, 0x0F, 0x0B, 0x06, 0x01, 0xFC, 0xF7, 0xF3, 0xEE, 0xEA,
    0xE6, 0xE2, 0xDE, 0xDB, 0xD8, 0xD6, 0xD4, 0xD2, 0xD1, 0xD1, 0xD1, 0xD1, 0xD2, 0xD4, 0xD6, 0xD8,
    0xDB, 0xDE, 0xD0, 0xE1, 0xE5, 0xEA, 0xEE, 0xF2, 0xF7, 0xFC, 0x01, 0x06, 0x0A, 0x0F, 0x14, 0x18,
    0x1C, 0x1F, 0x23, 0x26, 0x28, 0x2B, 0x2C, 0x2D, 0x2E, 0x2E, 0x2E, 0x2D, 0x2C, 0x2A, 0x28, 0x25,
    0x22, 0x1F, 0x1B, 0xD0, 0x17, 0x13, 0x0E, 0x0A, 0x05, 0x00, 0xFB, 0xF7, 0xF2, 0xED, 0xE9, 0xE5,
    0xE1, 0xDD, 0xDA, 0xD8, 0xD5, 0xD3, 0xD2, 0xD1, 0xD1, 0xD1, 0xD1, 0xD2, 0xD4, 0xD6, 0xD8, 0xDB,
    0xDF, 0xE2, 0xE6, 0xEA, 0xD0, 0xEF, 0xF3, 0xF8, 0xFD, 0x02, 0x07, 0x0B, 0x10, 0x14, 0x19, 0x1C,
    0x20, 0x23, 0x26, 0x29, 0x2B, 0x2C, 0x2E, 0x2E, 0x2E, 0x2E, 0x2D, 0x2C, 0x2A, 0x28, 0x25, 0x22,
    0x1E, 0x1B, 0x16, 0x12, 0x0E, 0xD0, 0x09, 0x04, 0xFF, 0xFA, 0xF6, 0xF1, 0xEC, 0xE8, 0xE4, 0xE0,
    0xDD, 0xDA, 0xD7, 0xD5, 0xD3, 0xD2, 0xD1, 0xD1, 0xD1, 0xD1, 0xD3, 0xD4, 0xD6, 0xD9, 0xDC, 0xDF,
    0xE3, 0xE7, 0xEB, 0xF0, 0xF4, 0xF9, 0xD0, 0xFE, 0x03, 0x07, 0x0C, 0x11, 0x15, 0x19, 0x1D, 0x21,
    0x24, 0x27, 0x29, 0x2B, 0x2D, 0x2E, 0x2E, 0x2E, 0x2E, 0x2D, 0x2B, 0x2A, 0x27, 0x24, 0x21, 0x1E,
    0x1A, 0x16, 0x11, 0x0D, 0x08, 0x03, 0xFE, 0xD0, 0xFA, 0xF5, 0xF0, 0xEC, 0xE7, 0xE3, 0xE0, 0xDC,
    0xD9, 0xD7, 0xD5, 0xD3, 0xD2, 0xD1, 0xD1, 0xD1, 0xD2, 0xD3, 0xD5, 0xD7, 0xD9, 0xDC, 0xE0, 0xE4,
    0xE8, 0xEC, 0xF0, 0xF5, 0xFA, 0xFF, 0x03, 0x08, 0xD0, 0x0D, 0x12, 0x16, 0x1A, 0x1E, 0x21, 0x25,
    0x27, 0x2A, 0x2C, 0x2D, 0x2E, 0x2E, 0x2E, 0x2E, 0x2D, 0x2B, 0x29, 0x27, 0x24, 0x21, 0x1D, 0x19,
    0x15, 0x10, 0x0C, 0x07, 0x02, 0xFE, 0xF9, 0xF4, 0xEF, 0xD0, 0xEB, 0xE7, 0xE3, 0xDF, 0xDC, 0xD9,
    0xD6, 0xD4, 0xD3, 0xD1, 0xD1, 0xD1, 0xD1, 0xD2, 0xD3, 0xD5, 0xD7, 0xDA, 0xDD, 0xE0, 0xE4, 0xE8,
    0xED, 0xF1, 0xF6, 0xFB, 0x00, 0x04, 0x09, 0x0E, 0x12, 0x17, 0xD0, 0x1B, 0x1F, 0x22, 0x25, 0x28,
    0x2A, 0x2C, 0x2D, 0x2E, 0x2E, 0x2E, 0x2E, 0x2C, 0x2B, 0x29, 0x26, 0x23, 0x20, 0x1C, 0x18, 0x14,
    0x10, 0x0B, 0x06, 0x01, 0xFD, 0xF8, 0xF3, 0xEF, 0xEA, 0xE6, 0xE2, 0xD0, 0xDE, 0xDB, 0xD8, 0xD6,
    0xD4, 0xD2, 0xD1, 0xD1, 0xD1, 0xD1, 0xD2, 0xD3, 0xD5, 0xD8, 0xDA, 0xDE, 0xE1, 0xE5, 0xE9, 0xED,
    0xF2, 0xF7, 0xFC, 0x00, 0x05, 0x0A, 0x0F, 0x13, 0x17, 0x1B, 0x1F, 0x23, 0xD0, 0x26, 0x28, 0x2A,
    0x2C, 0x2D, 0x2E, 0x2E, 0x2E, 0x2D, 0x2C, 0x2A, 0x28, 0x26, 0x23, 0x1F, 0x1C, 0x18, 0x13, 0x0F,
    0x0A, 0x05, 0x01, 0xFC, 0xF7, 0xF2, 0xEE, 0xE9, 0xE5, 0xE1, 0xDE, 0xDB, 0xD8, 0xD0, 0xD5, 0xD4,
    0xD2, 0xD1, 0xD1, 0xD1, 0xD1, 0xD2, 0xD4, 0xD6, 0xD8, 0xDB, 0xDE, 0xE2, 0xE6, 0xEA, 0xEE, 0xF3,
    0xF8, 0xFC, 0x01, 0x06, 0x0B, 0x0F, 0x14, 0x18, 0x1C, 0x20, 0x23, 0x26, 0x29, 0x2B, 0xD0, 0x2C,
    0x2E, 0x2E, 0x2E, 0x2E, 0x2D, 0x2C, 0x2A, 0x28, 0x25, 0x22, 0x1F, 0x1B, 0x17, 0x13, 0x0E, 0x09,
    0x05, 0x00, 0xFB, 0xF6, 0xF1, 0xED, 0xE9, 0xE4, 0xE1, 0xDD, 0xDA, 0xD7, 0xD5, 0xD3, 0xD2, 0xD0,
    0xD1, 0xD1, 0xD1, 0xD1, 0xD3, 0xD4, 0xD6, 0xD9, 0xDC, 0xDF, 0xE3, 0xE6, 0xEB, 0xEF, 0xF4, 0xF8,
    0xFD, 0x02, 0x07, 0x0C, 0x10, 0x15, 0x19, 0x1D, 0x20, 0x24, 0x27, 0x29, 0x2B, 0x2D, 0x2E, 0x2E,
    0xD0, 0x2E, 0x2E, 0x2D, 0x2C, 0x2A, 0x27, 0x25, 0x22, 0x1E, 0x1A, 0x16, 0x12, 0x0D, 0x08, 0x04,
    0xFF, 0xFA, 0xF5, 0xF1, 0xEC, 0xE8, 0xE4, 0xE0, 0xDD, 0xDA, 0xD7, 0xD5, 0xD3, 0xD2, 0xD1, 0xD1,
    0xD1, 0xD0, 0xD2, 0xD3, 0xD4, 0xD7, 0xD9, 0xDC, 0xE0, 0xE3, 0xE7, 0xEB, 0xF0, 0xF5, 0xF9, 0xFE,
    0x03, 0x08, 0x0D, 0x11, 0x15, 0x1A, 0x1E, 0x21, 0x24, 0x27, 0x29, 0x2B, 0x2D, 0x2E, 0x2E, 0x2E,
    0x2E, 0x2D, 0xD0, 0x2B, 0x29, 0x27, 0x24, 0x21, 0x1D, 0x19, 0x15, 0x11, 0x0C, 0x08, 0x03, 0xFE,
    0xF9, 0xF4, 0xF0, 0xEB, 0xE7, 0xE3, 0xDF, 0xDC, 0xD9, 0xD6, 0xD4, 0xD3, 0xD2, 0xD1, 0xD1, 0xD1,
    0xD2, 0xD3, 0xD5, 0xD0, 0xD7, 0xDA, 0xDD, 0xE0, 0xE4, 0xE8, 0xEC, 0xF1, 0xF5, 0xFA, 0xFF, 0x04,
    0x09, 0x0D, 0x12, 0x16, 0x1A, 0x1E, 0x22, 0x25, 0x28, 0x2A, 0x2C, 0x2D, 0x2E, 0x2E, 0x2E, 0x2E,
    0x2D, 0x2B, 0x29, 0x26, 0xD0, 0x24, 0x20, 0x1D, 0x19, 0x15, 0x10, 0x0B, 0x07, 0x02, 0xFD, 0xF8,
    0xF4, 0xEF, 0xEA, 0xE6, 0xE2, 0xDF, 0xDB, 0xD9, 0xD6, 0xD4, 0xD2, 0xD1, 0xD1, 0xD1, 0xD1, 0xD2,
    0xD3, 0xD5, 0xD7, 0xDA, 0xDD, 0xD0, 0xE1, 0xE5, 0xE9, 0xED, 0xF2, 0xF6, 0xFB, 0x00, 0x05, 0x0A,
    0x0E, 0x13, 0x17, 0x1B, 0x1F, 0x22, 0x25, 0x28, 0x2A, 0x2C, 0x2D, 0x2E, 0x2E, 0x2E, 0x2D, 0x2C,
    0x2B, 0x29, 0x26, 0x23, 0x20, 0x1C, 0xD0, 0x18, 0x14, 0x0F, 0x0B, 0x06, 0x01, 0xFC, 0xF7, 0xF3,
    0xEE, 0xEA, 0xE6, 0xE2, 0xDE, 0xDB, 0xD8, 0xD6, 0xD4, 0xD2, 0xD1, 0xD1, 0xD1, 0xD1, 0xD2, 0xD4,
    0xD6, 0xD8, 0xDB, 0xDE, 0xE1, 0xE5, 0xEA, 0xD0, 0xEE, 0xF2, 0xF7, 0xFC, 0x01, 0x06, 0x0A, 0x0F,
    0x14, 0x18, 0x1C, 0x1F, 0x23, 0x26, 0x28, 0x2B, 0x2C, 0x2D, 0x2E, 0x2E, 0x2E, 0x2D, 0x2C, 0x2A,
    0x28, 0x25, 0x22, 0x1F, 0x1B, 0x17, 0x13, 0x0E, 0xD0, 0x0A, 0x05, 0x00, 0xFB, 0xF7, 0xF2, 0xED,
    0xE9, 0xE5, 0xE1, 0xDD, 0xDA, 0xD8, 0xD5, 0xD3, 0xD2, 0xD1, 0xD1, 0xD1, 0xD1, 0xD2, 0xD4, 0xD6,
    0xD8, 0xDB, 0xDF, 0xE2, 0xE6, 0xEA, 0xEF, 0xF3, 0xF8, 0xD0, 0xFD, 0x02, 0x07, 0x0B, 0x10, 0x14,
    0x19, 0x1C, 0x20, 0x23, 0x26, 0x29, 0x2B, 0x2C, 0x2E, 0x2E, 0x2E, 0x2E, 0x2D, 0x2C, 0x2A, 0x28,
    0x25, 0x22, 0x1E, 0x1B, 0x16, 0x12, 0x0E, 0x09, 0x04, 0xFF, 0xD0, 0xFA, 0xF6, 0xF1, 0xEC, 0xE8,
    0xE4, 0xE0, 0xDD, 0xDA, 0xD7, 0xD5, 0xD3, 0xD2, 0xD1, 0xD1, 0xD1, 0xD1, 0xD3, 0xD4, 0xD6, 0xD9,
    0xDC, 0xDF, 0xE3, 0xE7, 0xEB, 0xF0, 0xF4, 0xF9, 0xFE, 0x03, 0x07, 0xD0, 0x0C, 0x11, 0x15, 0x19,
    0x1D, 0x21, 0x24, 0x27, 0x29, 0x2B, 0x2D, 0x2E, 0x2E, 0x2E, 0x2E, 0x2D, 0x2B, 0x2A, 0x27, 0x24,
    0x21, 0x1E, 0x1A, 0x16, 0x11, 0x0D, 0x08, 0x03, 0xFE, 0xFA, 0xF5, 0xF0, 0xD0, 0xEC, 0xE7, 0xE3,
    0xE0, 0xDC, 0xD9, 0xD7, 0xD5, 0xD3, 0xD2, 0xD1, 0xD1, 0xD1, 0xD2, 0xD3, 0xD5, 0xD7, 0xD9, 0xDC,
    0xE0, 0xE4, 0xE8, 0xEC, 0xF0, 0xF5, 0xFA, 0xFF, 0x03, 0x08, 0x0D, 0x12, 0x16, 0xD0, 0x1A, 0x1E,
    0x21, 0x25, 0x27, 0x2A, 0x2C, 0x2D, 0x2E, 0x2E, 0x2E, 0x2E, 0x2D, 0x2B, 0x29, 0x27, 0x24, 0x21,
    0x1D, 0x19, 0x15, 0x10, 0x0C, 0x07, 0x02, 0xFE, 0xF9, 0xF4, 0xEF, 0xEB, 0xE7, 0xE3, 0xD0, 0xDF,
    0xDC, 0xD9, 0xD6, 0xD4, 0xD3, 0xD1, 0xD1, 0xD1, 0xD1, 0xD2, 0xD3, 0xD5, 0xD7, 0xDA, 0xDD, 0xE0,
    0xE4, 0xE8, 0xED, 0xF1, 0xF6, 0xFB, 0x00, 0x04, 0x09, 0x0E, 0x12, 0x17, 0x1B, 0x1F, 0x22, 0xD0,
    0x25, 0x28, 0x2A, 0x2C, 0x2D, 0x2E, 0x2E, 0x2E, 0x2E, 0x2C, 0x2B, 0x29, 0x26, 0x23, 0x20, 0x1C,
    0x18, 0x14, 0x10, 0x0B, 0x06, 0x01, 0xFD, 0xF8, 0xF3, 0xEF, 0xEA, 0xE6, 0xE2, 0xDE, 0xDB, 0xD8,
    0xD0, 0xD6, 0xD4, 0xD2, 0xD1, 0xD1, 0xD1, 0xD1, 0xD2, 0xD3, 0xD5, 0xD8, 0xDA, 0xDE, 0xE1, 0xE5,
    0xE9, 0xED, 0xF2, 0xF7, 0xFC, 0x00, 0x05, 0x0A, 0x0F, 0x13, 0x17, 0x1B, 0x1F, 0x23, 0x26, 0x28,
    0x2A, 0xD0, 0x2C, 0x2D, 0x2E, 0x2E, 0x2E, 0x2D, 0x2C, 0x2A, 0x28, 0x26, 0x23, 0x1F, 0x1C, 0x18,
    0x13, 0x0F, 0x0A, 0x05, 0x01, 0xFC, 0xF7, 0xF2, 0xEE, 0xE9, 0xE5, 0xE1, 0xDE, 0xDB, 0xD8, 0xD5,
    0xD4, 0xD2, 0xD0, 0xD1, 0xD1, 0xD1, 0xD1, 0xD2, 0xD4, 0xD6, 0xD8, 0xDB, 0xDE, 0xE2, 0xE6, 0xEA,
    0xEE, 0xF3, 0xF8, 0xFC, 0x01, 0x06, 0x0B, 0x0F, 0x14, 0x18, 0x1C, 0x20, 0x23, 0x26, 0x29, 0x2B,
    0x2C, 0x2E, 0x2E, 0xD0, 0x2E, 0x2E, 0x2D, 0x2C, 0x2A, 0x28, 0x25, 0x22, 0x1F, 0x1B, 0x17, 0x13,
    0x0E, 0x09, 0x05, 0x00, 0xFB, 0xF6, 0xF1, 0xED, 0xE9, 0xE4, 0xE1, 0xDD, 0xDA, 0xD7, 0xD5, 0xD3,
    0xD2, 0xD1, 0xD1, 0xD1, 0xD0, 0xD1, 0xD3, 0xD4, 0xD6, 0xD9, 0xDC, 0xDF, 0xE3, 0xE6, 0xEB, 0xEF,
    0xF4, 0xF8, 0xFD, 0x02, 0x07, 0x0C, 0x10, 0x15, 0x19, 0x1D, 0x20, 0x24, 0x27, 0x29, 0x2B, 0x2D,
    0x2E, 0x2E, 0x2E, 0x2E, 0x2D, 0xD0, 0x2C, 0x2A, 0x27, 0x25, 0x22, 0x1E, 0x1A, 0x16, 0x12, 0x0D,
    0x08, 0x04, 0xFF, 0xFA, 0xF5, 0xF1, 0xEC, 0xE8, 0xE4, 0xE0, 0xDD, 0xDA, 0xD7, 0xD5, 0xD3, 0xD2,
    0xD1, 0xD1, 0xD1, 0xD2, 0xD3, 0xD4, 0xD0, 0xD7, 0xD9, 0xDC, 0xE0, 0xE3, 0xE7, 0xEB, 0xF0, 0xF5,
    0xF9, 0xFE, 0x03, 0x08, 0x0D, 0x11, 0x15, 0x1A, 0x1E, 0x21, 0x24, 0x27, 0x29, 0x2B, 0x2D, 0x2E,
    0x2E, 0x2E, 0x2E, 0x2D, 0x2B, 0x29, 0x27, 0xD0, 0x24, 0x21, 0x1D, 0x19, 0x15, 0x11, 0x0C, 0x08,
    0x03, 0xFE, 0xF9, 0xF4, 0xF0, 0xEB, 0xE7, 0xE3, 0xDF, 0xDC, 0xD9, 0xD6, 0xD4, 0xD3, 0xD2, 0xD1,
    0xD1, 0xD1, 0xD2, 0xD3, 0xD5, 0xD7, 0xDA, 0xDD, 0xD0, 0xE0, 0xE4, 0xE8, 0xEC, 0xF1, 0xF5, 0xFA,
    0xFF, 0x04, 0x09, 0x0D, 0x12, 0x16, 0x1A, 0x1E, 0x22, 0x25, 0x28, 0x2A, 0x2C, 0x2D, 0x2E, 0x2E,
    0x2E, 0x2E, 0x2D, 0x2B, 0x29, 0x26, 0x24, 0x20, 0x1D, 0xD0, 0x19, 0x15, 0x10, 0x0B, 0x07, 0x02,
    0xFD, 0xF8, 0xF4, 0xEF, 0xEA, 0xE6, 0xE2, 0xDF, 0xDB, 0xD9, 0xD6, 0xD4, 0xD2, 0xD1, 0xD1, 0xD1,
    0xD1, 0xD2, 0xD3, 0xD5, 0xD7, 0xDA, 0xDD, 0xE1, 0xE5, 0xE9, 0xD0, 0xED, 0xF2, 0xF6, 0xFB, 0x00,
    0x05, 0x0A, 0x0E, 0x13, 0x17, 0x1B, 0x1F, 0x22, 0x25, 0x28, 0x2A, 0x2C, 0x2D, 0x2E, 0x2E, 0x2E,
    0x2D, 0x2C, 0x2B, 0x29, 0x26, 0x23, 0x20, 0x1C, 0x18, 0x14, 0x0F, 0xD0, 0x0B, 0x06, 0x01, 0xFC,
    0xF7, 0xF3, 0xEE, 0xEA, 0xE6, 0xE2, 0xDE, 0xDB, 0xD8, 0xD6, 0xD4, 0xD2, 0xD1, 0xD1, 0xD1, 0xD1,
    0xD2, 0xD4, 0xD6, 0xD8, 0xDB, 0xDE, 0xE1, 0xE5, 0xEA, 0xEE, 0xF2, 0xF7, 0xD0, 0xFC, 0x01, 0x06,
    0x0A, 0x0F, 0x14, 0x18, 0x1C, 0x1F, 0x23, 0x26, 0x28, 0x2B, 0x2C, 0x2D, 0x2E, 0x2E, 0x2E, 0x2D,
    0x2C, 0x2A, 0x28, 0x25, 0x22, 0x1F, 0x1B, 0x17, 0x13, 0x0E, 0x0A, 0x05, 0x00, 0xD0, 0xFB, 0xF7,
    0xF2, 0xED, 0xE9, 0xE5, 0xE1, 0xDD, 0xDA, 0xD8, 0xD5, 0xD3, 0xD2, 0xD1, 0xD1, 0xD1, 0xD1, 0xD2,
    0xD4, 0xD6, 0xD8, 0xDB, 0xDF, 0xE2, 0xE6, 0xEA, 0xEF, 0xF3, 0xF8, 0xFD, 0x02, 0x07, 0xD0, 0x0B,
    0x10, 0x14, 0x19, 0x1C, 0x20, 0x23, 0x26, 0x29, 0x2B, 0x2C, 0x2E, 0x2E, 0x2E, 0x2E, 0x2D, 0x2C,
    0x2A, 0x28, 0x25, 0x22, 0x1E, 0x1B, 0x16, 0x12, 0x0E, 0x09, 0x04, 0xFF, 0xFA, 0xF6, 0xF1, 0xD0,
    0xEC, 0xE8, 0xE4, 0xE0, 0xDD, 0xDA, 0xD7, 0xD5, 0xD3, 0xD2, 0xD1, 0xD1, 0xD1, 0xD1, 0xD3, 0xD4,
    0xD6, 0xD9, 0xDC, 0xDF, 0xE3, 0xE7, 0xEB, 0xF0, 0xF4, 0xF9, 0xFE, 0x03, 0x07, 0x0C, 0x11, 0x15,
    0xD0, 0x19, 0x1D, 0x21, 0x24, 0x27, 0x29, 0x2B, 0x2D, 0x2E, 0x2E, 0x2E, 0x2E, 0x2D, 0x2B, 0x2A,
    0x27, 0x24, 0x21, 0x1E, 0x1A, 0x16, 0x11, 0x0D, 0x08, 0x03, 0xFE, 0xFA, 0xF5, 0xF0, 0xEC, 0xE7,
    0xE3, 0xD0, 0xE0, 0xDC, 0xD9, 0xD7, 0xD5, 0xD3, 0xD2, 0xD1, 0xD1, 0xD1, 0xD2, 0xD3, 0xD5, 0xD7,
    0xD9, 0xDC, 0xE0, 0xE4, 0xE8, 0xEC, 0xF0, 0xF5, 0xFA, 0xFF, 0x03, 0x08, 0x0D, 0x12, 0x16, 0x1A,
    0x1E, 0x21, 0xD0, 0x25, 0x27, 0x2A, 0x2C, 0x2D, 0x2E, 0x2E, 0x2E, 0x2E, 0x2D, 0x2B, 0x29, 0x27,
    0x24, 0x21, 0x1D, 0x19, 0x15, 0x10, 0x0C, 0x07, 0x02, 0xFE, 0xF9, 0xF4, 0xEF, 0xEB, 0xE7, 0xE3,
    0xDF, 0xDC, 0xD9, 0xD0, 0xD6, 0xD4, 0xD3, 0xD1, 0xD1, 0xD1, 0xD1, 0xD2, 0xD3, 0xD5, 0xD7, 0xDA,
    0xDD, 0xE0, 0xE4, 0xE8, 0xED, 0xF1, 0xF6, 0xFB, 0x00, 0x04, 0x09, 0x0E, 0x12, 0x17, 0x1B, 0x1F,
    0x22, 0x25, 0x28, 0x2A, 0xD0, 0x2C, 0x2D, 0x2E, 0x2E, 0x2E, 0x2E, 0x2C, 0x2B, 0x29, 0x26, 0x23,
    0x20, 0x1C, 0x18, 0x14, 0x10, 0x0B, 0x06, 0x01, 0xFD, 0xF8, 0xF3, 0xEF, 0xEA, 0xE6, 0xE2, 0xDE,
    0xDB, 0xD8, 0xD6, 0xD4, 0xD2, 0xD0, 0xD1, 0xD1, 0xD1, 0xD1, 0xD2, 0xD3, 0xD5, 0xD8, 0xDA, 0xDE,
    0xE1, 0xE5, 0xE9, 0xED, 0xF2, 0xF7, 0xFC, 0x00, 0x05, 0x0A, 0x0F, 0x13, 0x17, 0x1B, 0x1F, 0x23,
    0x26, 0x28, 0x2A, 0x2C, 0x2D, 0x2E, 0xD0, 0x2E, 0x2E, 0x2D, 0x2C, 0x2A, 0x28, 0x26, 0x23, 0x1F,
    0x1C, 0x18, 0x13, 0x0F, 0x0A, 0x05, 0x01, 0xFC, 0xF7, 0xF2, 0xEE, 0xE9, 0xE5, 0xE1, 0xDE, 0xDB,
    0xD8, 0xD5, 0xD4, 0xD2, 0xD1, 0xD1, 0xD1, 0xD0, 0xD1, 0xD2, 0xD4, 0xD6, 0xD8, 0xDB, 0xDE, 0xE2,
    0xE6, 0xEA, 0xEE, 0xF3, 0xF8, 0xFC, 0x01, 0x06, 0x0B, 0x0F, 0x14, 0x18, 0x1C, 0x20, 0x23, 0x26,
    0x29, 0x2B, 0x2C, 0x2E, 0x2E, 0x2E, 0x2E, 0x2D, 0xD0, 0x2C, 0x2A, 0x28, 0x25, 0x22, 0x1F, 0x1B,
    0x17, 0x13, 0x0E, 0x09, 0x05, 0x00, 0xFB, 0xF6, 0xF1, 0xED, 0xE9, 0xE4, 0xE1, 0xDD, 0xDA, 0xD7,
    0xD5, 0xD3, 0xD2, 0xD1, 0xD1, 0xD1, 0xD1, 0xD3, 0xD4, 0xD0, 0xD6, 0xD9, 0xDC, 0xDF, 0xE3, 0xE6,
    0xEB, 0xEF, 0xF4, 0xF8, 0xFD, 0x02, 0x07, 0x0C, 0x10, 0x15, 0x19, 0x1D, 0x20, 0x24, 0x27, 0x29,
    0x2B, 0x2D, 0x2E, 0x2E, 0x2E, 0x2E, 0x2D, 0x2C, 0x2A, 0x27, 0xD0, 0x25, 0x22, 0x1E, 0x1A, 0x16,
    0x12, 0x0D, 0x08, 0x04, 0xFF, 0xFA, 0xF5, 0xF1, 0xEC, 0xE8, 0xE4, 0xE0, 0xDD, 0xDA, 0xD7, 0xD5,
    0xD3, 0xD2, 0xD1, 0xD1, 0xD1, 0xD2, 0xD3, 0xD4, 0xD7, 0xD9, 0xDC, 0xD0, 0xE0, 0xE3, 0xE7, 0xEB,
    0xF0, 0xF5, 0xF9, 0xFE, 0x03, 0x08, 0x0D, 0x11, 0x15, 0x1A, 0x1E, 0x21, 0x24, 0x27, 0x29, 0x2B,
    0x2D, 0x2E, 0x2E, 0x2E, 0x2E, 0x2D, 0x2B, 0x29, 0x27, 0x24, 0x21, 0x1D, 0xD0, 0x19, 0x15, 0x11,
    0x0C, 0x08, 0x03, 0xFE, 0xF9, 0xF4, 0xF0, 0xEB, 0xE7, 0xE3, 0xDF, 0xDC, 0xD9, 0xD6, 0xD4, 0xD3,
    0xD2, 0xD1, 0xD1, 0xD1, 0xD2, 0xD3, 0xD5, 0xD7, 0xDA, 0xDD, 0xE0, 0xE4, 0xE8, 0xD0, 0xEC, 0xF1,
    0xF5, 0xFA, 0xFF, 0x04, 0x09, 0x0D, 0x12, 0x16, 0x1A, 0x1E, 0x22, 0x25, 0x28, 0x2A, 0x2C, 0x2D,
    0x2E, 0x2E, 0x2E, 0x2E, 0x2D, 0x2B, 0x29, 0x26, 0x24, 0x20, 0x1D, 0x19, 0x15, 0x10, 0xD0, 0x0B,
    0x07, 0x02, 0xFD, 0xF8, 0xF4, 0xEF, 0xEA, 0xE6, 0xE2, 0xDF, 0xDB, 0xD9, 0xD6, 0xD4, 0xD2, 0xD1,
    0xD1, 0xD1, 0xD1, 0xD2, 0xD3, 0xD5, 0xD7, 0xDA, 0xDD, 0xE1, 0xE5, 0xE9, 0xED, 0xF2, 0xF6, 0xD0,
    0xFB, 0x00, 0x05, 0x0A, 0x0E, 0x13, 0x17, 0x1B, 0x1F, 0x22, 0x25, 0x28, 0x2A, 0x2C, 0x2D, 0x2E,
    0x2E, 0x2E, 0x2D, 0x2C, 0x2B, 0x29, 0x26, 0x23, 0x20, 0x1C, 0x18, 0x14, 0x0F, 0x0B, 0x06, 0x01,
    0xD0, 0xFC, 0xF7, 0xF3, 0xEE, 0xEA, 0xE6, 0xE2, 0xDE, 0xDB, 0xD8, 0xD6, 0xD4, 0xD2, 0xD1, 0xD1,
    0xD1, 0xD1, 0xD2, 0xD4, 0xD6, 0xD8, 0xDB, 0xDE, 0xE1, 0xE5, 0xEA, 0xEE, 0xF2, 0xF7, 0xFC, 0x01,
    0x06, 0xD0, 0x0A, 0x0F, 0x14, 0x18, 0x1C, 0x1F, 0x23, 0x26, 0x28, 0x2B, 0x2C, 0x2D, 0x2E, 0x2E,
    0x2E, 0x2D, 0x2C, 0x2A, 0x28, 0x25, 0x22, 0x1F, 0x1B, 0x17, 0x13, 0x0E, 0x0A, 0x05, 0x00, 0xFB,
    0xF7, 0xF2, 0xD0, 0xED, 0xE9, 0xE5, 0xE1, 0xDD, 0xDA, 0xD8, 0xD5, 0xD3, 0xD2, 0xD1, 0xD1, 0xD1,
    0xD1, 0xD2, 0xD4, 0xD6, 0xD8, 0xDB, 0xDF, 0xE2, 0xE6, 0xEA, 0xEF, 0xF3, 0xF8, 0xFD, 0x02, 0x07,
    0x0B, 0x10, 0x14, 0xD0, 0x19, 0x1C, 0x20, 0x23, 0x26, 0x29, 0x2B, 0x2C, 0x2E, 0x2E, 0x2E, 0x2E,
    0x2D, 0x2C, 0x2A, 0x28, 0x25, 0x22, 0x1E, 0x1B, 0x16, 0x12, 0x0E, 0x09, 0x04, 0xFF, 0xFA, 0xF6,
    0xF1, 0xEC, 0xE8, 0xE4, 0xD0, 0xE0, 0xDD, 0xDA, 0xD7, 0xD5, 0xD3, 0xD2, 0xD1, 0xD1, 0xD1, 0xD1,
    0xD3, 0xD4, 0xD6, 0xD9, 0xDC, 0xDF, 0xE3, 0xE7, 0xEB, 0xF0, 0xF4, 0xF9, 0xFE, 0x03, 0x07, 0x0C,
    0x11, 0x15, 0x19, 0x1D, 0x21, 0xD0, 0x24, 0x27, 0x29, 0x2B, 0x2D, 0x2E, 0x2E, 0x2E, 0x2E, 0x2D,
    0x2B, 0x2A, 0x27, 0x24, 0x21, 0x1E, 0x1A, 0x16, 0x11, 0x0D, 0x08, 0x03, 0xFE, 0xFA, 0xF5, 0xF0,
    0xEC, 0xE7, 0xE3, 0xE0, 0xDC, 0xD9, 0xD0, 0xD7, 0xD5, 0xD3, 0xD2, 0xD1, 0xD1, 0xD1, 0xD2, 0xD3,
    0xD5, 0xD7, 0xD9, 0xDC, 0xE0, 0xE4, 0xE8, 0xEC, 0xF0, 0xF5, 0xFA, 0xFF, 0x03, 0x08, 0x0D, 0x12,
    0x16, 0x1A, 0x1E, 0x21, 0x25, 0x27, 0x2A, 0xD0, 0x2C, 0x2D, 0x2E, 0x2E, 0x2E, 0x2E, 0x2D, 0x2B,
    0x29, 0x27, 0x24, 0x21, 0x1D, 0x19, 0x15, 0x10, 0x0C, 0x07, 0x02, 0xFE, 0xF9, 0xF4, 0xEF, 0xEB,
    0xE7, 0xE3, 0xDF, 0xDC, 0xD9, 0xD6, 0xD4, 0xD3, 0xD0, 0xD1, 0xD1, 0xD1, 0xD1, 0xD2, 0xD3, 0xD5,
    0xD7, 0xDA, 0xDD, 0xE0, 0xE4, 0xE8, 0xED, 0xF1, 0xF6, 0xFB, 0x00, 0x04, 0x09, 0x0E, 0x12, 0x17,
    0x1B, 0x1F, 0x22, 0x25, 0x28, 0x2A, 0x2C, 0x2D, 0x2E, 0xD0, 0x2E, 0x2E, 0x2E, 0x2C, 0x2B, 0x29,
    0x26, 0x23, 0x20, 0x1C, 0x18, 0x14, 0x10, 0x0B, 0x06, 0x01, 0xFD, 0xF8, 0xF3, 0xEF, 0xEA, 0xE6,
    0xE2, 0xDE, 0xDB, 0xD8, 0xD6, 0xD4, 0xD2, 0xD1, 0xD1, 0xD1, 0xD0, 0xD1, 0xD2, 0xD3, 0xD5, 0xD8,
    0xDA, 0xDE, 0xE1, 0xE5, 0xE9, 0xED, 0xF2, 0xF7, 0xFC, 0x00, 0x05, 0x0A, 0x0F, 0x13, 0x17, 0x1B,
    0x1F, 0x23, 0x26, 0x28, 0x2A, 0x2C, 0x2D, 0x2E, 0x2E, 0x2E, 0x2D, 0xD0, 0x2C, 0x2A, 0x28, 0x26,
    0x23, 0x1F, 0x1C, 0x18, 0x13, 0x0F, 0x0A, 0x05, 0x01, 0xFC, 0xF7, 0xF2, 0xEE, 0xE9, 0xE5, 0xE1,
    0xDE, 0xDB, 0xD8, 0xD5, 0xD4, 0xD2, 0xD1, 0xD1, 0xD1, 0xD1, 0xD2, 0xD4, 0xD0, 0xD6, 0xD8, 0xDB,
    0xDE, 0xE2, 0xE6, 0xEA, 0xEE, 0xF3, 0xF8, 0xFC, 0x01, 0x06, 0x0B, 0x0F, 0x14, 0x18, 0x1C, 0x20,
    0x23, 0x26, 0x29, 0x2B, 0x2C, 0x2E, 0x2E, 0x2E, 0x2E, 0x2D, 0x2C, 0x2A, 0x28, 0xD0, 0x25, 0x22,
    0x1F, 0x1B, 0x17, 0x13, 0x0E, 0x09, 0x05, 0x00, 0xFB, 0xF6, 0xF1, 0xED, 0xE9, 0xE4, 0xE1, 0xDD,
    0xDA, 0xD7, 0xD5, 0xD3, 0xD2, 0xD1, 0xD1, 0xD1, 0xD1, 0xD3, 0xD4, 0xD6, 0xD9, 0xDC, 0xD0, 0xDF,
    0xE3, 0xE6, 0xEB, 0xEF, 0xF4, 0xF8, 0xFD, 0x02, 0x07, 0x0C, 0x10, 0x15, 0x19, 0x1D, 0x20, 0x24,
    0x27, 0x29, 0x2B, 0x2D, 0x2E, 0x2E, 0x2E, 0x2E, 0x2D, 0x2C, 0x2A, 0x27, 0x25, 0x22, 0x1E, 0xD0,
    0x1A, 0x16, 0x12, 0x0D, 0x08, 0x04, 0xFF, 0xFA, 0xF5, 0xF1, 0xEC, 0xE8, 0xE4, 0xE0, 0xDD, 0xDA,
    0xD7, 0xD5, 0xD3, 0xD2, 0xD1, 0xD1, 0xD1, 0xD2, 0xD3, 0xD4, 0xD7, 0xD9, 0xDC, 0xE0, 0xE3, 0xE7,
    0xD0, 0xEB, 0xF0, 0xF5, 0xF9, 0xFE, 0x03, 0x08, 0x0D, 0x11, 0x15, 0x1A, 0x1E, 0x21, 0x24, 0x27,
    0x29, 0x2B, 0x2D, 0x2E, 0x2E, 0x2E, 0x2E, 0x2D, 0x2B, 0x29, 0x27, 0x24, 0x21, 0x1D, 0x19, 0x15,
    0x11, 0xD0, 0x0C, 0x08, 0x03, 0xFE, 0xF9, 0xF4, 0xF0, 0xEB, 0xE7, 0xE3, 0xDF, 0xDC, 0xD9, 0xD6,
    0xD4, 0xD3, 0xD2, 0xD1, 0xD1, 0xD1, 0xD2, 0xD3, 0xD5, 0xD7, 0xDA, 0xDD, 0xE0, 0xE4, 0xE8, 0xEC,
    0xF1, 0xF5, 0xD0, 0xFA, 0xFF, 0x04, 0x09, 0x0D, 0x12, 0x16, 0x1A, 0x1E, 0x22, 0x25, 0x28, 0x2A,
    0x2C, 0x2D, 0x2E, 0x2E, 0x2E, 0x2E, 0x2D, 0x2B, 0x29, 0x26, 0x24, 0x20, 0x1D, 0x19, 0x15, 0x10,
    0x0B, 0x07, 0x02, 0xD0, 0xFD, 0xF8, 0xF4, 0xEF, 0xEA, 0xE6, 0xE2, 0xDF, 0xDB, 0xD9, 0xD6, 0xD4,
    0xD2, 0xD1, 0xD1, 0xD1, 0xD1, 0xD2, 0xD3, 0xD5, 0xD7, 0xDA, 0xDD, 0xE1, 0xE5, 0xE9, 0xED, 0xF2,
    0xF6, 0xFB, 0x00, 0x05, 0xD0, 0x0A, 0x0E, 0x13, 0x17, 0x1B, 0x1F, 0x22, 0x25, 0x28, 0x2A, 0x2C,
    0x2D, 0x2E, 0x2E, 0x2E, 0x2D, 0x2C, 0x2B, 0x29, 0x26, 0x23, 0x20, 0x1C, 0x18, 0x14, 0x0F, 0x0B,
    0x06, 0x01, 0xFC, 0xF7, 0xF3, 0xD0, 0xEE, 0xEA, 0xE6, 0xE2, 0xDE, 0xDB, 0xD8, 0xD6, 0xD4, 0xD2,
    0xD1, 0xD1, 0xD1, 0xD1, 0xD2, 0xD4, 0xD6, 0xD8, 0xDB, 0xDE, 0xE1, 0xE5, 0xEA, 0xEE, 0xF2, 0xF7,
    0xFC, 0x01, 0x06, 0x0A, 0x0F, 0x14, 0xD0, 0x18, 0x1C, 0x1F, 0x23, 0x26, 0x28, 0x2B, 0x2C, 0x2D,
    0x2E, 0x2E, 0x2E, 0x2D, 0x2C, 0x2A, 0x28, 0x25, 0x22, 0x1F, 0x1B, 0x17, 0x13, 0x0E, 0x0A, 0x05,
    0x00, 0xFB, 0xF7, 0xF2, 0xED, 0xE9, 0xE5, 0xD0, 0xE1, 0xDD, 0xDA, 0xD8, 0xD5, 0xD3, 0xD2, 0xD1,
    0xD1, 0xD1, 0xD1, 0xD2, 0xD4, 0xD6, 0xD8, 0xDB, 0xDF, 0xE2, 0xE6, 0xEA, 0xEF, 0xF3, 0xF8, 0xFD,
    0x02, 0x07, 0x0B, 0x10, 0x14, 0x19, 0x1C, 0x20, 0xD0, 0x23, 0x26, 0x29, 0x2B, 0x2C, 0x2E, 0x2E,
    0x2E, 0x2E, 0x2D, 0x2C, 0x2A, 0x28, 0x25, 0x22, 0x1E, 0x1B, 0x16, 0x12, 0x0E, 0x09, 0x04, 0xFF,
    0xFA, 0xF6, 0xF1, 0xEC, 0xE8, 0xE4, 0xE0, 0xDD, 0xDA, 0xD0, 0xD7, 0xD5, 0xD3, 0xD2, 0xD1, 0xD1,
    0xD1, 0xD1, 0xD3, 0xD4, 0xD6, 0xD9, 0xDC, 0xDF, 0xE3, 0xE7, 0xEB, 0xF0, 0xF4, 0xF9, 0xFE, 0x03,
    0x07, 0x0C, 0x11, 0x15, 0x19, 0x1D, 0x21, 0x24, 0x27, 0x29, 0xD0, 0x2B, 0x2D, 0x2E, 0x2E, 0x2E,
    0x2E, 0x2D, 0x2B, 0x2A, 0x27, 0x24, 0x21, 0x1E, 0x1A, 0x16, 0x11, 0x0D, 0x08, 0x03, 0xFE, 0xFA,
    0xF5, 0xF0, 0xEC, 0xE7, 0xE3, 0xE0, 0xDC, 0xD9, 0xD7, 0xD5, 0xD3, 0xD0, 0xD2, 0xD1, 0xD1, 0xD1,
    0xD2, 0xD3, 0xD5, 0xD7, 0xD9, 0xDC, 0xE0, 0xE4, 0xE8, 0xEC, 0xF0, 0xF5, 0xFA, 0xFF, 0x03, 0x08,
    0x0D, 0x12, 0x16, 0x1A, 0x1E, 0x21, 0x25, 0x27, 0x2A, 0x2C, 0x2D, 0x2E, 0xD0, 0x2E, 0x2E, 0x2E,
    0x2D, 0x2B, 0x29, 0x27, 0x24, 0x21, 0x1D, 0x19, 0x15, 0x10, 0x0C, 0x07, 0x02, 0xFE, 0xF9, 0xF4,
    0xEF, 0xEB, 0xE7, 0xE3, 0xDF, 0xDC, 0xD9, 0xD6, 0xD4, 0xD3, 0xD1, 0xD1, 0xD1, 0xD0, 0xD1, 0xD2,
    0xD3, 0xD5, 0xD7, 0xDA, 0xDD, 0xE0, 0xE4, 0xE8, 0xED, 0xF1, 0xF6, 0xFB, 0x00, 0x04, 0x09, 0x0E,
    0x12, 0x17, 0x1B, 0x1F, 0x22, 0x25, 0x28, 0x2A, 0x2C, 0x2D, 0x2E, 0x2E, 0x2E, 0x2E, 0xD0, 0x2C,
    0x2B, 0x29, 0x26, 0x23, 0x20, 0x1C, 0x18, 0x14, 0x10, 0x0B, 0x06, 0x01, 0xFD, 0xF8, 0xF3, 0xEF,
    0xEA, 0xE6, 0xE2, 0xDE, 0xDB, 0xD8, 0xD6, 0xD4, 0xD2, 0xD1, 0xD1, 0xD1, 0xD1, 0xD2, 0xD3, 0xD0,
    0xD5, 0xD8, 0xDA, 0xDE, 0xE1, 0xE5, 0xE9, 0xED, 0xF2, 0xF7, 0xFC, 0x00, 0x05, 0x0A, 0x0F, 0x13,
    0x17, 0x1B, 0x1F, 0x23, 0x26, 0x28, 0x2A, 0x2C, 0x2D, 0x2E, 0x2E, 0x2E, 0x2D, 0x2C, 0x2A, 0x28,
    0xD0, 0x26, 0x23, 0x1F, 0x1C, 0x18, 0x13, 0x0F, 0x0A, 0x05, 0x01, 0xFC, 0xF7, 0xF2, 0xEE, 0xE9,
    0xE5, 0xE1, 0xDE, 0xDB, 0xD8, 0xD5, 0xD4, 0xD2, 0xD1, 0xD1, 0xD1, 0xD1, 0xD2, 0xD4, 0xD6, 0xD8,
    0xDB, 0xD0, 0xDE, 0xE2, 0xE6, 0xEA, 0xEE, 0xF3, 0xF8, 0xFC, 0x01, 0x06, 0x0B, 0x0F, 0x14, 0x18,
    0x1C, 0x20, 0x23, 0x26, 0x29, 0x2B, 0x2C, 0x2E, 0x2E, 0x2E, 0x2E, 0x2D, 0x2C, 0x2A, 0x28, 0x25,
    0x22, 0x1F, 0xD0, 0x1B, 0x17, 0x13, 0x0E, 0x09, 0x05, 0x00, 0xFB, 0xF6, 0xF1, 0xED, 0xE9, 0xE4,
    0xE1, 0xDD, 0xDA, 0xD7, 0xD5, 0xD3, 0xD2, 0xD1, 0xD1, 0xD1, 0xD1, 0xD3, 0xD4, 0xD6, 0xD9, 0xDC,
    0xDF, 0xE3, 0xE6, 0xD0, 0xEB, 0xEF, 0xF4, 0xF8, 0xFD, 0x02, 0x07, 0x0C, 0x10, 0x15, 0x19, 0x1D,
    0x20, 0x24, 0x27, 0x29, 0x2B, 0x2D, 0x2E, 0x2E, 0x2E, 0x2E, 0x2D, 0x2C, 0x2A, 0x27, 0x25, 0x22,
    0x1E, 0x1A, 0x16, 0x12, 0xD0, 0x0D, 0x08, 0x04, 0xFF, 0xFA, 0xF5, 0xF1, 0xEC, 0xE8, 0xE4, 0xE0,
    0xDD, 0xDA, 0xD7, 0xD5, 0xD3, 0xD2, 0xD1, 0xD1, 0xD1, 0xD2, 0xD3, 0xD4, 0xD7, 0xD9, 0xDC, 0xE0,
    0xE3, 0xE7, 0xEB, 0xF0, 0xF5, 0xD0, 0xF9, 0xFE, 0x03, 0x08, 0x0D, 0x11, 0x15, 0x1A, 0x1E, 0x21,
    0x24, 0x27, 0x29, 0x2B, 0x2D, 0x2E, 0x2E, 0x2E, 0x2E, 0x2D, 0x2B, 0x29, 0x27, 0x24, 0x21, 0x1D,
    0x19, 0x15, 0x11, 0x0C, 0x08, 0x03, 0xD0, 0xFE, 0xF9, 0xF4, 0xF0, 0xEB, 0xE7, 0xE3, 0xDF, 0xDC,
    0xD9, 0xD6, 0xD4, 0xD3, 0xD2, 0xD1, 0xD1, 0xD1, 0xD2, 0xD3, 0xD5, 0xD7, 0xDA, 0xDD, 0xE0, 0xE4,
    0xE8, 0xEC, 0xF1, 0xF5, 0xFA, 0xFF, 0x04, 0xD0, 0x09, 0x0D, 0x12, 0x16, 0x1A, 0x1E, 0x22, 0x25,
    0x28, 0x2A, 0x2C, 0x2D, 0x2E, 0x2E, 0x2E, 0x2E, 0x2D, 0x2B, 0x29, 0x26, 0x24, 0x20, 0x1D, 0x19,
    0x15, 0x10, 0x0B, 0x07, 0x02, 0xFD, 0xF8, 0xF4, 0xD0, 0xEF, 0xEA, 0xE6, 0xE2, 0xDF, 0xDB, 0xD9,
    0xD6, 0xD4, 0xD2, 0xD1, 0xD1, 0xD1, 0xD1, 0xD2, 0xD3, 0xD5, 0xD7, 0xDA, 0xDD, 0xE1, 0xE5, 0xE9,
    0xED, 0xF2, 0xF6, 0xFB, 0x00, 0x05, 0x0A, 0x0E, 0x13, 0xD0, 0x17, 0x1B, 0x1F, 0x22, 0x25, 0x28,
    0x2A, 0x2C, 0x2D, 0x2E, 0x2E, 0x2E, 0x2D, 0x2C, 0x2B, 0x29, 0x26, 0x23, 0x20, 0x1C, 0x18, 0x14,
    0x0F, 0x0B, 0x06, 0x01, 0xFC, 0xF7, 0xF3, 0xEE, 0xEA, 0xE6, 0xD0, 0xE2, 0xDE, 0xDB, 0xD8, 0xD6,
    0xD4, 0xD2, 0xD1, 0xD1, 0xD1, 0xD1, 0xD2, 0xD4, 0xD6, 0xD8, 0xDB, 0xDE, 0xE1, 0xE5, 0xEA, 0xEE,
    0xF2, 0xF7, 0xFC, 0x01, 0x06, 0x0A, 0x0F, 0x14, 0x18, 0x1C, 0x1F, 0xD0, 0x23, 0x26, 0x28, 0x2B,
    0x2C, 0x2D, 0x2E, 0x2E, 0x2E, 0x2D, 0x2C, 0x2A, 0x28, 0x25, 0x22, 0x1F, 0x1B, 0x17, 0x13, 0x0E,
    0x0A, 0x05, 0x00, 0xFB, 0xF7, 0xF2, 0xED, 0xE9, 0xE5, 0xE1, 0xDD, 0xDA, 0xD0, 0xD8, 0xD5, 0xD3,
    0xD2, 0xD1, 0xD1, 0xD1, 0xD1, 0xD2, 0xD4, 0xD6, 0xD8, 0xDB, 0xDF, 0xE2, 0xE6, 0xEA, 0xEF, 0xF3,
    0xF8, 0xFD, 0x02, 0x07, 0x0B, 0x10, 0x14, 0x19, 0x1C, 0x20, 0x23, 0x26, 0x29, 0xD0, 0x2B, 0x2C,
    0x2E, 0x2E, 0x2E, 0x2E, 0x2D, 0x2C, 0x2A, 0x28, 0x25, 0x22, 0x1E, 0x1B, 0x16, 0x12, 0x0E, 0x09,
    0x04, 0xFF, 0xFA, 0xF6, 0xF1, 0xEC, 0xE8, 0xE4, 0xE0, 0xDD, 0xDA, 0xD7, 0xD5, 0xD3, 0xD0, 0xD2,
    0xD1, 0xD1, 0xD1, 0xD1, 0xD3, 0xD4, 0xD6, 0xD9, 0xDC, 0xDF, 0xE3, 0xE7, 0xEB, 0xF0, 0xF4, 0xF9,
    0xFE, 0x03, 0x07, 0x0C, 0x11, 0x15, 0x19, 0x1D, 0x21, 0x24, 0x27, 0x29, 0x2B, 0x2D, 0x2E, 0xD0,
    0x2E, 0x2E, 0x2E, 0x2D, 0x2B, 0x2A, 0x27, 0x24, 0x21, 0x1E, 0x1A, 0x16, 0x11, 0x0D, 0x08, 0x03,
    0xFE, 0xFA, 0xF5, 0xF0, 0xEC, 0xE7, 0xE3, 0xE0, 0xDC, 0xD9, 0xD7, 0xD5, 0xD3, 0xD2, 0xD1, 0xD1,
    0xD0, 0xD1, 0xD2, 0xD3, 0xD5, 0xD7, 0xD9, 0xDC, 0xE0, 0xE4, 0xE8, 0xEC, 0xF0, 0xF5, 0xFA, 0xFF,
    0x03, 0x08, 0x0D, 0x12, 0x16, 0x1A, 0x1E, 0x21, 0x25, 0x27, 0x2A, 0x2C, 0x2D, 0x2E, 0x2E, 0x2E,
    0x2E, 0xD0, 0x2D, 0x2B, 0x29, 0x27, 0x24, 0x21, 0x1D, 0x19, 0x15, 0x10, 0x0C, 0x07, 0x02, 0xFE,
    0xF9, 0xF4, 0xEF, 0xEB, 0xE7, 0xE3, 0xDF, 0xDC, 0xD9, 0xD6, 0xD4, 0xD3, 0xD1, 0xD1, 0xD1, 0xD1,
    0xD2, 0xD3, 0xD0, 0xD5, 0xD7, 0xDA, 0xDD, 0xE0, 0xE4, 0xE8, 0xED, 0xF1, 0xF6, 0xFB, 0x00, 0x04,
    0x09, 0x0E, 0x12, 0x17, 0x1B, 0x1F, 0x22, 0x25, 0x28, 0x2A, 0x2C, 0x2D, 0x2E, 0x2E, 0x2E, 0x2E,
    0x2C, 0x2B, 0x29, 0xD0, 0x26, 0x23, 0x20, 0x1C, 0x18, 0x14, 0x10, 0x0B, 0x06, 0x01, 0xFD, 0xF8,
    0xF3, 0xEF, 0xEA, 0xE6, 0xE2, 0xDE, 0xDB, 0xD8, 0xD6, 0xD4, 0xD2, 0xD1, 0xD1, 0xD1, 0xD1, 0xD2,
    0xD3, 0xD5, 0xD8, 0xDA, 0xD0, 0xDE, 0xE1, 0xE5, 0xE9, 0xED, 0xF2, 0xF7, 0xFC, 0x00, 0x05, 0x0A,
    0x0F, 0x13, 0x17, 0x1B, 0x1F, 0x23, 0x26, 0x28, 0x2A, 0x2C, 0x2D, 0x2E, 0x2E, 0x2E, 0x2D, 0x2C,
    0x2A, 0x28, 0x26, 0x23, 0x1F, 0xD0, 0x1C, 0x18, 0x13, 0x0F, 0x0A, 0x05, 0x01, 0xFC, 0xF7, 0xF2,
    0xEE, 0xE9, 0xE5, 0xE1, 0xDE, 0xDB, 0xD8, 0xD5, 0xD4, 0xD2, 0xD1, 0xD1, 0xD1, 0xD1, 0xD2, 0xD4,
    0xD6, 0xD8, 0xDB, 0xDE, 0xE2, 0xE6, 0xD0, 0xEA, 0xEE, 0xF3, 0xF8, 0xFC, 0x01, 0x06, 0x0B, 0x0F,
    0x14, 0x18, 0x1C, 0x20, 0x23, 0x26, 0x29, 0x2B, 0x2C, 0x2E, 0x2E, 0x2E, 0x2E, 0x2D, 0x2C, 0x2A,
    0x28, 0x25, 0x22, 0x1F, 0x1B, 0x17, 0x13, 0xD0, 0x0E, 0x09, 0x05, 0x00, 0xFB, 0xF6, 0xF1, 0xED,
    0xE9, 0xE4, 0xE1, 0xDD, 0xDA, 0xD7, 0xD5, 0xD3, 0xD2, 0xD1, 0xD1, 0xD1, 0xD1, 0xD3, 0xD4, 0xD6,
    0xD9, 0xDC, 0xDF, 0xE3, 0xE6, 0xEB, 0xEF, 0xF4, 0xD0, 0xF8, 0xFD, 0x02, 0x07, 0x0C, 0x10, 0x15,
    0x19, 0x1D, 0x20, 0x24, 0x27, 0x29, 0x2B, 0x2D, 0x2E, 0x2E, 0x2E, 0x2E, 0x2D, 0x2C, 0x2A, 0x27,
    0x25, 0x22, 0x1E, 0x1A, 0x16, 0x12, 0x0D, 0x08, 0x04, 0xD0, 0xFF, 0xFA, 0xF5, 0xF1, 0xEC, 0xE8,
    0xE4, 0xE0, 0xDD, 0xDA, 0xD7, 0xD5, 0xD3, 0xD2, 0xD1, 0xD1, 0xD1, 0xD2, 0xD3, 0xD4, 0xD7, 0xD9,
    0xDC, 0xE0, 0xE3, 0xE7, 0xEB, 0xF0, 0xF5, 0xF9, 0xFE, 0x03, 0xD0, 0x08, 0x0D, 0x11, 0x15, 0x1A,
    0x1E, 0x21, 0x24, 0x27, 0x29, 0x2B, 0x2D, 0x2E, 0x2E, 0x2E, 0x2E, 0x2D, 0x2B, 0x29, 0x27, 0x24,
    0x21, 0x1D, 0x19, 0x15, 0x11, 0x0C, 0x08, 0x03, 0xFE, 0xF9, 0xF4, 0xD0, 0xF0, 0xEB, 0xE7, 0xE3,
    0xDF, 0xDC, 0xD9, 0xD6, 0xD4, 0xD3, 0xD2, 0xD1, 0xD1, 0xD1, 0xD2, 0xD3, 0xD5, 0xD7, 0xDA, 0xDD,
    0xE0, 0xE4, 0xE8, 0xEC, 0xF1, 0xF5, 0xFA, 0xFF, 0x04, 0x09, 0x0D, 0x12, 0xD0, 0x16, 0x1A, 0x1E,
    0x22, 0x25, 0x28, 0x2A, 0x2C, 0x2D, 0x2E, 0x2E, 0x2E, 0x2E, 0x2D, 0x2B, 0x29, 0x26, 0x24, 0x20,
    0x1D, 0x19, 0x15, 0x10, 0x0B, 0x07, 0x02, 0xFD, 0xF8, 0xF4, 0xEF, 0xEA, 0xE6, 0xD0, 0xE2, 0xDF,
    0xDB, 0xD9, 0xD6, 0xD4, 0xD2, 0xD1, 0xD1, 0xD1, 0xD1, 0xD2, 0xD3, 0xD5, 0xD7, 0xDA, 0xDD, 0xE1,
    0xE5, 0xE9, 0xED, 0xF2, 0xF6, 0xFB, 0x00, 0x05, 0x0A, 0x0E, 0x13, 0x17, 0x1B, 0x1F, 0xD0, 0x22,
    0x25, 0x28, 0x2A, 0x2C, 0x2D, 0x2E, 0x2E, 0x2E, 0x2D, 0x2C, 0x2B, 0x29, 0x26, 0x23, 0x20, 0x1C,
    0x18, 0x14, 0x0F, 0x0B, 0x06, 0x01, 0xFC, 0xF7, 0xF3, 0xEE, 0xEA, 0xE6, 0xE2, 0xDE, 0xDB, 0xD0,
    0xD8, 0xD6, 0xD4, 0xD2, 0xD1, 0xD1, 0xD1, 0xD1, 0xD2, 0xD4, 0xD6, 0xD8, 0xDB, 0xDE, 0xE1, 0xE5,
    0xEA, 0xEE, 0xF2, 0xF7, 0xFC, 0x01, 0x06, 0x0A, 0x0F, 0x14, 0x18, 0x1C, 0x1F, 0x23, 0x26, 0x28,
    0xD0, 0x2B, 0x2C, 0x2D, 0x2E, 0x2E, 0x2E, 0x2D, 0x2C, 0x2A, 0x28, 0x25, 0x22, 0x1F, 0x1B, 0x17,
    0x13, 0x0E, 0x0A, 0x05, 0x00, 0xFB, 0xF7, 0xF2, 0xED, 0xE9, 0xE5, 0xE1, 0xDD, 0xDA, 0xD8, 0xD5,
    0xD3, 0xD0, 0xD2, 0xD1, 0xD1, 0xD1, 0xD1, 0xD2, 0xD4, 0xD6, 0xD8, 0xDB, 0xDF, 0xE2, 0xE6, 0xEA,
    0xEF, 0xF3, 0xF8, 0xFD, 0x02, 0x07, 0x0B, 0x10, 0x14, 0x19, 0x1C, 0x20, 0x23, 0x26, 0x29, 0x2B,
    0x2C, 0x2E, 0xD0, 0x2E, 0x2E, 0x2E, 0x2D, 0x2C, 0x2A, 0x28, 0x25, 0x22, 0x1E, 0x1B, 0x16, 0x12,
    0x0E, 0x09, 0x04, 0xFF, 0xFA, 0xF6, 0xF1, 0xEC, 0xE8, 0xE4, 0xE0, 0xDD, 0xDA, 0xD7, 0xD5, 0xD3,
    0xD2, 0xD1, 0xD1, 0xD0, 0xD1, 0xD1, 0xD3, 0xD4, 0xD6, 0xD9, 0xDC, 0xDF, 0xE3, 0xE7, 0xEB, 0xF0,
    0xF4, 0xF9, 0xFE, 0x03, 0x07, 0x0C, 0x11, 0x15, 0x19, 0x1D, 0x21, 0x24, 0x27, 0x29, 0x2B, 0x2D,
    0x2E, 0x2E, 0x2E, 0x2E, 0xD0, 0x2D, 0x2B, 0x2A, 0x27, 0x24, 0x21, 0x1E, 0x1A, 0x16, 0x11, 0x0D,
    0x08, 0x03, 0xFE, 0xFA, 0xF5, 0xF0, 0xEC, 0xE7, 0xE3, 0xE0, 0xDC, 0xD9, 0xD7, 0xD5, 0xD3, 0xD2,
    0xD1, 0xD1, 0xD1, 0xD2, 0xD3, 0xD0, 0xD5, 0xD7, 0xD9, 0xDC, 0xE0, 0xE4, 0xE8, 0xEC, 0xF0, 0xF5,
    0xFA, 0xFF, 0x03, 0x08, 0x0D, 0x12, 0x16, 0x1A, 0x1E, 0x21, 0x25, 0x27, 0x2A, 0x2C, 0x2D, 0x2E,
    0x2E, 0x2E, 0x2E, 0x2D, 0x2B, 0x29, 0xD0, 0x27, 0x24, 0x21, 0x1D, 0x19, 0x15, 0x10, 0x0C, 0x07,
    0x02, 0xFE, 0xF9, 0xF4, 0xEF, 0xEB, 0xE7, 0xE3, 0xDF, 0xDC, 0xD9, 0xD6, 0xD4, 0xD3, 0xD1, 0xD1,
    0xD1, 0xD1, 0xD2, 0xD3, 0xD5, 0xD7, 0xDA, 0xD0, 0xDD, 0xE0, 0xE4, 0xE8, 0xED, 0xF1, 0xF6, 0xFB,
    0x00, 0x04, 0x09, 0x0E, 0x12, 0x17, 0x1B, 0x1F, 0x22, 0x25, 0x28, 0x2A, 0x2C, 0x2D, 0x2E, 0x2E,
    0x2E, 0x2E, 0x2C, 0x2B, 0x29, 0x26, 0x23, 0x20, 0xD0, 0x1C, 0x18, 0x14, 0x10, 0x0B, 0x06, 0x01,
    0xFD, 0xF8, 0xF3, 0xEF, 0xEA, 0xE6, 0xE2, 0xDE, 0xDB, 0xD8, 0xD6, 0xD4, 0xD2, 0xD1, 0xD1, 0xD1,
    0xD1, 0xD2, 0xD3, 0xD5, 0xD8, 0xDA, 0xDE, 0xE1, 0xE5, 0xD0, 0xE9, 0xED, 0xF2, 0xF7, 0xFC, 0x00,
    0x05, 0x0A, 0x0F, 0x13, 0x17, 0x1B, 0x1F, 0x23, 0x26, 0x28, 0x2A, 0x2C, 0x2D, 0x2E, 0x2E, 0x2E,
    0x2D, 0x2C, 0x2A, 0x28, 0x26, 0x23, 0x1F, 0x1C, 0x18, 0x13, 0xD0, 0x0F, 0x0A, 0x05, 0x01, 0xFC,
    0xF7, 0xF2, 0xEE, 0xE9, 0xE5, 0xE1, 0xDE, 0xDB, 0xD8, 0xD5, 0xD4, 0xD2, 0xD1, 0xD1, 0xD1, 0xD1,
    0xD2, 0xD4, 0xD6, 0xD8, 0xDB, 0xDE, 0xE2, 0xE6, 0xEA, 0xEE, 0xF3, 0xD0, 0xF8, 0xFC, 0x01, 0x06,
    0x0B, 0x0F, 0x14, 0x18, 0x1C, 0x20, 0x23, 0x26, 0x29, 0x2B, 0x2C, 0x2E, 0x2E, 0x2E, 0x2E, 0x2D,
    0x2C, 0x2A, 0x28, 0x25, 0x22, 0x1F, 0x1B, 0x17, 0x13, 0x0E, 0x09, 0x05, 0xD0, 0x00, 0xFB, 0xF6,
    0xF1, 0xED, 0xE9, 0xE4, 0xE1, 0xDD, 0xDA, 0xD7, 0xD5, 0xD3, 0xD2, 0xD1, 0xD1, 0xD1, 0xD1, 0xD3,
    0xD4, 0xD6, 0xD9, 0xDC, 0xDF, 0xE3, 0xE6, 0xEB, 0xEF, 0xF4, 0xF8, 0xFD, 0x02, 0xD0, 0x07, 0x0C,
    0x10, 0x15, 0x19, 0x1D, 0x20, 0x24, 0x27, 0x29, 0x2B, 0x2D, 0x2E, 0x2E, 0x2E, 0x2E, 0x2D, 0x2C,
    0x2A, 0x27, 0x25, 0x22, 0x1E, 0x1A, 0x16, 0x12, 0x0D, 0x08, 0x04, 0xFF, 0xFA, 0xF5, 0xD0, 0xF1,
    0xEC, 0xE8, 0xE4, 0xE0, 0xDD, 0xDA, 0xD7, 0xD5, 0xD3, 0xD2, 0xD1, 0xD1, 0xD1, 0xD2, 0xD3, 0xD4,
    0xD7, 0xD9, 0xDC, 0xE0, 0xE3, 0xE7, 0xEB, 0xF0, 0xF5, 0xF9, 0xFE, 0x03, 0x08, 0x0D, 0x11, 0xD0,
    0x15, 0x1A, 0x1E, 0x21, 0x24, 0x27, 0x29, 0x2B, 0x2D, 0x2E, 0x2E, 0x2E, 0x2E, 0x2D, 0x2B, 0x29,
    0x27, 0x24, 0x21, 0x1D, 0x19, 0x15, 0x11, 0x0C, 0x08, 0x03, 0xFE, 0xF9, 0xF4, 0xF0, 0xEB, 0xE7,
    0xD0, 0xE3, 0xDF, 0xDC, 0xD9, 0xD6, 0xD4, 0xD3, 0xD2, 0xD1, 0xD1, 0xD1, 0xD2, 0xD3, 0xD5, 0xD7,
    0xDA, 0xDD, 0xE0, 0xE4, 0xE8, 0xEC, 0xF1, 0xF5, 0xFA, 0xFF, 0x04, 0x09, 0x0D, 0x12, 0x16, 0x1A,
    0x1E, 0xD0, 0x22, 0x25, 0x28, 0x2A, 0x2C, 0x2D, 0x2E, 0x2E, 0x2E, 0x2E, 0x2D, 0x2B, 0x29, 0x26,
    0x24, 0x20, 0x1D, 0x19, 0x15, 0x10, 0x0B, 0x07, 0x02, 0xFD, 0xF8, 0xF4, 0xEF, 0xEA, 0xE6, 0xE2,
    0xDF, 0xDB, 0xD0, 0xD9, 0xD6, 0xD4, 0xD2, 0xD1, 0xD1, 0xD1, 0xD1, 0xD2, 0xD3, 0xD5, 0xD7, 0xDA,
    0xDD, 0xE1, 0xE5, 0xE9, 0xED, 0xF2, 0xF6, 0xFB, 0x00, 0x05, 0x0A, 0x0E, 0x13, 0x17, 0x1B, 0x1F,
    0x22, 0x25, 0x28, 0xD0, 0x2A, 0x2C, 0x2D, 0x2E, 0x2E, 0x2E, 0x2D, 0x2C, 0x2B, 0x29, 0x26, 0x23,
    0x20, 0x1C, 0x18, 0x14, 0x0F, 0x0B, 0x06, 0x01, 0xFC, 0xF7, 0xF3, 0xEE, 0xEA, 0xE6, 0xE2, 0xDE,
    0xDB, 0xD8, 0xD6, 0xD4, 0xD0, 0xD2, 0xD1, 0xD1, 0xD1, 0xD1, 0xD2, 0xD4, 0xD6, 0xD8, 0xDB, 0xDE,
    0xE1, 0xE5, 0xEA, 0xEE, 0xF2, 0xF7, 0xFC, 0x01, 0x06, 0x0A, 0x0F, 0x14, 0x18, 0x1C, 0x1F, 0x23,
    0x26, 0x28, 0x2B, 0x2C, 0x2D, 0xD0, 0x2E, 0x2E, 0x2E, 0x2D, 0x2C, 0x2A, 0x28, 0x25, 0x22, 0x1F,
    0x1B, 0x17, 0x13, 0x0E, 0x0A, 0x05, 0x00, 0xFB, 0xF7, 0xF2, 0xED, 0xE9, 0xE5, 0xE1, 0xDD, 0xDA,
    0xD8, 0xD5, 0xD3, 0xD2, 0xD1, 0xD1, 0xD0, 0xD1, 0xD1, 0xD2, 0xD4, 0xD6, 0xD8, 0xDB, 0xDF, 0xE2,
    0xE6, 0xEA, 0xEF, 0xF3, 0xF8, 0xFD, 0x02, 0x07, 0x0B, 0x10, 0x14, 0x19, 0x1C, 0x20, 0x23, 0x26,
    0x29, 0x2B, 0x2C, 0x2E, 0x2E, 0x2E, 0x2E, 0xD0, 0x2D, 0x2C, 0x2A, 0x28, 0x25, 0x22, 0x1E, 0x1B,
    0x16, 0x12, 0x0E, 0x09, 0x04, 0xFF, 0xFA, 0xF6, 0xF1, 0xEC, 0xE8, 0xE4, 0xE0, 0xDD, 0xDA, 0xD7,
    0xD5, 0xD3, 0xD2, 0xD1, 0xD1, 0xD1, 0xD1, 0xD3, 0xD0, 0xD4, 0xD6, 0xD9, 0xDC, 0xDF, 0xE3, 0xE7,
    0xEB, 0xF0, 0xF4, 0xF9, 0xFE, 0x03, 0x07, 0x0C, 0x11, 0x15, 0x19, 0x1D, 0x21, 0x24, 0x27, 0x29,
    0x2B, 0x2D, 0x2E, 0x2E, 0x2E, 0x2E, 0x2D, 0x2B, 0x2A, 0xD0, 0x27, 0x24, 0x21, 0x1E, 0x1A, 0x16,
    0x11, 0x0D, 0x08, 0x03, 0xFE, 0xFA, 0xF5, 0xF0, 0xEC, 0xE7, 0xE3, 0xE0, 0xDC, 0xD9, 0xD7, 0xD5,
    0xD3, 0xD2, 0xD1, 0xD1, 0xD1, 0xD2, 0xD3, 0xD5, 0xD7, 0xD9, 0xD0, 0xDC, 0xE0, 0xE4, 0xE8, 0xEC,
    0xF0, 0xF5, 0xFA, 0xFF, 0x03, 0x08, 0x0D, 0x12, 0x16, 0x1A, 0x1E, 0x21, 0x25, 0x27, 0x2A, 0x2C,
    0x2D, 0x2E, 0x2E, 0x2E, 0x2E, 0x2D, 0x2B, 0x29, 0x27, 0x24, 0x21, 0xD0, 0x1D, 0x19, 0x15, 0x10,
    0x0C, 0x07, 0x02, 0xFE, 0xF9, 0xF4, 0xEF, 0xEB, 0xE7, 0xE3, 0xDF, 0xDC, 0xD9, 0xD6, 0xD4, 0xD3,
    0xD1, 0xD1, 0xD1, 0xD1, 0xD2, 0xD3, 0xD5, 0xD7, 0xDA, 0xDD, 0xE0, 0xE4, 0xD0, 0xE8, 0xED, 0xF1,
    0xF6, 0xFB, 0x00, 0x04, 0x09, 0x0E, 0x12, 0x17, 0x1B, 0x1F, 0x22, 0x25, 0x28, 0x2A, 0x2C, 0x2D,
    0x2E, 0x2E, 0x2E, 0x2E, 0x2C, 0x2B, 0x29, 0x26, 0x23, 0x20, 0x1C, 0x18, 0x14, 0xD0, 0x10, 0x0B,
    0x06, 0x01, 0xFD, 0xF8, 0xF3, 0xEF, 0xEA, 0xE6, 0xE2, 0xDE, 0xDB, 0xD8, 0xD6, 0xD4, 0xD2, 0xD1,
    0xD1, 0xD1, 0xD1, 0xD2, 0xD3, 0xD5, 0xD8, 0xDA, 0xDE, 0xE1, 0xE5, 0xE9, 0xED, 0xF2, 0xD0, 0xF7,
    0xFC, 0x00, 0x05, 0x0A, 0x0F, 0x13, 0x17, 0x1B, 0x1F, 0x23, 0x26, 0x28, 0x2A, 0x2C, 0x2D, 0x2E,
    0x2E, 0x2E, 0x2D, 0x2C, 0x2A, 0x28, 0x26, 0x23, 0x1F, 0x1C, 0x18, 0x13, 0x0F, 0x0A, 0x05, 0xD0,
    0x01, 0xFC, 0xF7, 0xF2, 0xEE, 0xE9, 0xE5, 0xE1, 0xDE, 0xDB, 0xD8, 0xD5, 0xD4, 0xD2, 0xD1, 0xD1,
    0xD1, 0xD1, 0xD2, 0xD4, 0xD6, 0xD8, 0xDB, 0xDE, 0xE2, 0xE6, 0xEA, 0xEE, 0xF3, 0xF8, 0xFC, 0x01,
    0xD0, 0x06, 0x0B, 0x0F, 0x14, 0x18, 0x1C, 0x20, 0x23, 0x26, 0x29, 0x2B, 0x2C, 0x2E, 0x2E, 0x2E,
    0x2E, 0x2D, 0x2C, 0x2A, 0x28, 0x25, 0x22, 0x1F, 0x1B, 0x17, 0x13, 0x0E, 0x09, 0x05, 0x00, 0xFB,
    0xF6, 0xD0, 0xF1, 0xED, 0xE9, 0xE4, 0xE1, 0xDD, 0xDA, 0xD7, 0xD5, 0xD3, 0xD2, 0xD1, 0xD1, 0xD1,
    0xD1, 0xD3, 0xD4, 0xD6, 0xD9, 0xDC, 0xDF, 0xE3, 0xE6, 0xEB, 0xEF, 0xF4, 0xF8, 0xFD, 0x02, 0x07,
    0x0C, 0x10, 0xD0, 0x15, 0x19, 0x1D, 0x20, 0x24, 0x27, 0x29, 0x2B, 0x2D, 0x2E, 0x2E, 0x2E, 0x2E,
    0x2D, 0x2C, 0x2A, 0x27, 0x25, 0x22, 0x1E, 0x1A, 0x16, 0x12, 0x0D, 0x08, 0x04, 0xFF, 0xFA, 0xF5,
    0xF1, 0xEC, 0xE8, 0xD0, 0xE4, 0xE0, 0xDD, 0xDA, 0xD7, 0xD5, 0xD3, 0xD2, 0xD1, 0xD1, 0xD1, 0xD2,
    0xD3, 0xD4, 0xD7, 0xD9, 0xDC, 0xE0, 0xE3, 0xE7, 0xEB, 0xF0, 0xF5, 0xF9, 0xFE, 0x03, 0x08, 0x0D,
    0x11, 0x15, 0x1A, 0x1E, 0xD0, 0x21, 0x24, 0x27, 0x29, 0x2B, 0x2D, 0x2E, 0x2E, 0x2E, 0x2E, 0x2D,
    0x2B, 0x29, 0x27, 0x24, 0x21, 0x1D, 0x19, 0x15, 0x11, 0x0C, 0x08, 0x03, 0xFE, 0xF9, 0xF4, 0xF0,
    0xEB, 0xE7, 0xE3, 0xDF, 0xDC, 0xD0, 0xD9, 0xD6, 0xD4, 0xD3, 0xD2, 0xD1, 0xD1, 0xD1, 0xD2, 0xD3,
    0xD5, 0xD7, 0xDA, 0xDD, 0xE0, 0xE4, 0xE8, 0xEC, 0xF1, 0xF5, 0xFA, 0xFF, 0x04, 0x09, 0x0D, 0x12,
    0x16, 0x1A, 0x1E, 0x22, 0x25, 0x28, 0xD0, 0x2A, 0x2C, 0x2D, 0x2E, 0x2E, 0x2E, 0x2E, 0x2D, 0x2B,
    0x29, 0x26, 0x24, 0x20, 0x1D, 0x19, 0x15, 0x10, 0x0B, 0x07, 0x02, 0xFD, 0xF8, 0xF4, 0xEF, 0xEA,
    0xE6, 0xE2, 0xDF, 0xDB, 0xD9, 0xD6, 0xD4, 0xD0, 0xD2, 0xD1, 0xD1, 0xD1, 0xD1, 0xD2, 0xD3, 0xD5,
    0xD7, 0xDA, 0xDD, 0xE1, 0xE5, 0xE9, 0xED, 0xF2, 0xF6, 0xFB, 0x00, 0x05, 0x0A, 0x0E, 0x13, 0x17,
    0x1B, 0x1F, 0x22, 0x25, 0x28, 0x2A, 0x2C, 0x2D, 0xD0, 0x2E, 0x2E, 0x2E, 0x2D, 0x2C, 0x2B, 0x29,
    0x26, 0x23, 0x20, 0x1C, 0x18, 0x14, 0x0F, 0x0B, 0x06, 0x01, 0xFC, 0xF7, 0xF3, 0xEE, 0xEA, 0xE6,
    0xE2, 0xDE, 0xDB, 0xD8, 0xD6, 0xD4, 0xD2, 0xD1, 0xD1, 0xD0, 0xD1, 0xD1, 0xD2, 0xD4, 0xD6, 0xD8,
    0xDB, 0xDE, 0xE1, 0xE5, 0xEA, 0xEE, 0xF2, 0xF7, 0xFC, 0x01, 0x06, 0x0A, 0x0F, 0x14, 0x18, 0x1C,
    0x1F, 0x23, 0x26, 0x28, 0x2B, 0x2C, 0x2D, 0x2E, 0x2E, 0x2E, 0xD0, 0x2D, 0x2C, 0x2A, 0x28, 0x25,
    0x22, 0x1F, 0x1B, 0x17, 0x13, 0x0E, 0x0A, 0x05, 0x00, 0xFB, 0xF7, 0xF2, 0xED, 0xE9, 0xE5, 0xE1,
    0xDD, 0xDA, 0xD8, 0xD5, 0xD3, 0xD2, 0xD1, 0xD1, 0xD1, 0xD1, 0xD2, 0xD0, 0xD4, 0xD6, 0xD8, 0xDB,
    0xDF, 0xE2, 0xE6, 0xEA, 0xEF, 0xF3, 0xF8, 0xFD, 0x02, 0x07, 0x0B, 0x10, 0x14, 0x19, 0x1C, 0x20,
    0x23, 0x26, 0x29, 0x2B, 0x2C, 0x2E, 0x2E, 0x2E, 0x2E, 0x2D, 0x2C, 0x2A, 0xD0, 0x28, 0x25, 0x22,
    0x1E, 0x1B, 0x16, 0x12, 0x0E, 0x09, 0x04, 0xFF, 0xFA, 0xF6, 0xF1, 0xEC, 0xE8, 0xE4, 0xE0, 0xDD,
    0xDA, 0xD7, 0xD5, 0xD3, 0xD2, 0xD1, 0xD1, 0xD1, 0xD1, 0xD3, 0xD4, 0xD6, 0xD9, 0xD0, 0xDC, 0xDF,
    0xE3, 0xE7, 0xEB, 0xF0, 0xF4, 0xF9, 0xFE, 0x03, 0x07, 0x0C, 0x11, 0x15, 0x19, 0x1D, 0x21, 0x24,
    0x27, 0x29, 0x2B, 0x2D, 0x2E, 0x2E, 0x2E, 0x2E, 0x2D, 0x2B, 0x2A, 0x27, 0x24, 0x21, 0xD0, 0x1E,
    0x1A, 0x16, 0x11, 0x0D, 0x08, 0x03, 0xFE, 0xFA, 0xF5, 0xF0, 0xEC, 0xE7, 0xE3, 0xE0, 0xDC, 0xD9,
    0xD7, 0xD5, 0xD3, 0xD2, 0xD1, 0xD1, 0xD1, 0xD2, 0xD3, 0xD5, 0xD7, 0xD9, 0xDC, 0xE0, 0xE4, 0xD0,
    0xE8, 0xEC, 0xF0, 0xF5, 0xFA, 0xFF, 0x03, 0x08, 0x0D, 0x12, 0x16, 0x1A, 0x1E, 0x21, 0x25, 0x27,
    0x2A, 0x2C, 0x2D, 0x2E, 0x2E, 0x2E, 0x2E, 0x2D, 0x2B, 0x29, 0x27, 0x24, 0x21, 0x1D, 0x19, 0x15,
    0xD0, 0x10, 0x0C, 0x07, 0x02, 0xFE, 0xF9, 0xF4, 0xEF, 0xEB, 0xE7, 0xE3, 0xDF, 0xDC, 0xD9, 0xD6,
    0xD4, 0xD3, 0xD1, 0xD1, 0xD1, 0xD1, 0xD2, 0xD3, 0xD5, 0xD7, 0xDA, 0xDD, 0xE0, 0xE4, 0xE8, 0xED,
    0xF1, 0xD0, 0xF6, 0xFB, 0x00, 0x04, 0x09, 0x0E, 0x12, 0x17, 0x1B, 0x1F, 0x22, 0x25, 0x28, 0x2A,
    0x2C, 0x2D, 0x2E, 0x2E, 0x2E, 0x2E, 0x2C, 0x2B, 0x29, 0x26, 0x23, 0x20, 0x1C, 0x18, 0x14, 0x10,
    0x0B, 0x06, 0xD0, 0x01, 0xFD, 0xF8, 0xF3, 0xEF, 0xEA, 0xE6, 0xE2, 0xDE, 0xDB, 0xD8, 0xD6, 0xD4,
    0xD2, 0xD1, 0xD1, 0xD1, 0xD1, 0xD2, 0xD3, 0xD5, 0xD8, 0xDA, 0xDE, 0xE1, 0xE5, 0xE9, 0xED, 0xF2,
    0xF7, 0xFC, 0x00, 0xD0, 0x05, 0x0A, 0x0F, 0x13, 0x17, 0x1B, 0x1F, 0x23, 0x26, 0x28, 0x2A, 0x2C,
    0x2D, 0x2E, 0x2E, 0x2E, 0x2D, 0x2C, 0x2A, 0x28, 0x26, 0x23, 0x1F, 0x1C, 0x18, 0x13, 0x0F, 0x0A,
    0x05, 0x01, 0xFC, 0xF7, 0xD0, 0xF2, 0xEE, 0xE9, 0xE5, 0xE1, 0xDE, 0xDB, 0xD8, 0xD5, 0xD4, 0xD2,
    0xD1, 0xD1, 0xD1, 0xD1, 0xD2, 0xD4, 0xD6, 0xD8, 0xDB, 0xDE, 0xE2, 0xE6, 0xEA, 0xEE, 0xF3, 0xF8,
    0xFC, 0x01, 0x06, 0x0B, 0x0F, 0xD0, 0x14, 0x18, 0x1C, 0x20, 0x23, 0x26, 0x29, 0x2B, 0x2C, 0x2E,
    0x2E, 0x2E, 0x2E, 0x2D, 0x2C, 0x2A, 0x28, 0x25, 0x22, 0x1F, 0x1B, 0x17, 0x13, 0x0E, 0x09, 0x05,
    0x00, 0xFB, 0xF6, 0xF1, 0xED, 0xE9, 0xD0, 0xE4, 0xE1, 0xDD, 0xDA, 0xD7, 0xD5, 0xD3, 0xD2, 0xD1,
    0xD1, 0xD1, 0xD1, 0xD3, 0xD4, 0xD6, 0xD9, 0xDC, 0xDF, 0xE3, 0xE6, 0xEB, 0xEF, 0xF4, 0xF8, 0xFD,
    0x02, 0x07, 0x0C, 0x10, 0x15, 0x19, 0x1D, 0xD0, 0x20, 0x24, 0x27, 0x29, 0x2B, 0x2D, 0x2E, 0x2E,
    0x2E, 0x2E, 0x2D, 0x2C, 0x2A, 0x27, 0x25, 0x22, 0x1E, 0x1A, 0x16, 0x12, 0x0D, 0x08, 0x04, 0xFF,
    0xFA, 0xF5, 0xF1, 0xEC, 0xE8, 0xE4, 0xE0, 0xDD, 0xD0, 0xDA, 0xD7, 0xD5, 0xD3, 0xD2, 0xD1, 0xD1,
    0xD1, 0xD2, 0xD3, 0xD4, 0xD7, 0xD9, 0xDC, 0xE0, 0xE3, 0xE7, 0xEB, 0xF0, 0xF5, 0xF9, 0xFE, 0x03,
    0x08, 0x0D, 0x11, 0x15, 0x1A, 0x1E, 0x21, 0x24, 0x27, 0xD0, 0x29, 0x2B, 0x2D, 0x2E, 0x2E, 0x2E,
    0x2E, 0x2D, 0x2B, 0x29, 0x27, 0x24, 0x21, 0x1D, 0x19, 0x15, 0x11, 0x0C, 0x08, 0x03, 0xFE, 0xF9,
    0xF4, 0xF0, 0xEB, 0xE7, 0xE3, 0xDF, 0xDC, 0xD9, 0xD6, 0xD4, 0xD0, 0xD3, 0xD2, 0xD1, 0xD1, 0xD1,
    0xD2, 0xD3, 0xD5, 0xD7, 0xDA, 0xDD, 0xE0, 0xE4, 0xE8, 0xEC, 0xF1, 0xF5, 0xFA, 0xFF, 0x04, 0x09,
    0x0D, 0x12, 0x16, 0x1A, 0x1E, 0x22, 0x25, 0x28, 0x2A, 0x2C, 0x2D, 0xD0, 0x2E, 0x2E, 0x2E, 0x2E,
    0x2D, 0x2B, 0x29, 0x26, 0x24, 0x20, 0x1D, 0x19, 0x15, 0x10, 0x0B, 0x07, 0x02, 0xFD, 0xF8, 0xF4,
    0xEF, 0xEA, 0xE6, 0xE2, 0xDF, 0xDB, 0xD9, 0xD6, 0xD4, 0xD2, 0xD1, 0xD1, 0xD0, 0xD1, 0xD1, 0xD2,
    0xD3, 0xD5, 0xD7, 0xDA, 0xDD, 0xE1, 0xE5, 0xE9, 0xED, 0xF2, 0xF6, 0xFB, 0x00, 0x05, 0x0A, 0x0E,
    0x13, 0x17, 0x1B, 0x1F, 0x22, 0x25, 0x28, 0x2A, 0x2C, 0x2D, 0x2E, 0x2E, 0x2E, 0xD0, 0x2D, 0x2C,
    0x2B, 0x29, 0x26, 0x23, 0x20, 0x1C, 0x18, 0x14, 0x0F, 0x0B, 0x06, 0x01, 0xFC, 0xF7, 0xF3, 0xEE,
    0xEA, 0xE6, 0xE2, 0xDE, 0xDB, 0xD8, 0xD6, 0xD4, 0xD2, 0xD1, 0xD1, 0xD1, 0xD1, 0xD2, 0xD0, 0xD4,
    0xD6, 0xD8, 0xDB, 0xDE, 0xE1, 0xE5, 0xEA, 0xEE, 0xF2, 0xF7, 0xFC, 0x01, 0x06, 0x0A, 0x0F, 0x14,
    0x18, 0x1C, 0x1F, 0x23, 0x26, 0x28, 0x2B, 0x2C, 0x2D, 0x2E, 0x2E, 0x2E, 0x2D, 0x2C, 0x2A, 0xD0,
    0x28, 0x25, 0x22, 0x1F, 0x1B, 0x17, 0x13, 0x0E, 0x0A, 0x05, 0x00, 0xFB, 0xF7, 0xF2, 0xED, 0xE9,
    0xE5, 0xE1, 0xDD, 0xDA, 0xD8, 0xD5, 0xD3, 0xD2, 0xD1, 0xD1, 0xD1, 0xD1, 0xD2, 0xD4, 0xD6, 0xD8,
    0xD0, 0xDB, 0xDF, 0xE2, 0xE6, 0xEA, 0xEF, 0xF3, 0xF8, 0xFD, 0x02, 0x07, 0x0B, 0x10, 0x14, 0x19,
    0x1C, 0x20, 0x23, 0x26, 0x29, 0x2B, 0x2C, 0x2E, 0x2E, 0x2E, 0x2E, 0x2D, 0x2C, 0x2A, 0x28, 0x25,
    0x22, 0xD0, 0x1E, 0x1B, 0x16, 0x12, 0x0E, 0x09, 0x04, 0xFF, 0xFA, 0xF6, 0xF1, 0xEC, 0xE8, 0xE4,
    0xE0, 0xDD, 0xDA, 0xD7, 0xD5, 0xD3, 0xD2, 0xD1, 0xD1, 0xD1, 0xD1, 0xD3, 0xD4, 0xD6, 0xD9, 0xDC,
    0xDF, 0xE3, 0xD0, 0xE7, 0xEB, 0xF0, 0xF4, 0xF9, 0xFE, 0x03, 0x07, 0x0C, 0x11, 0x15, 0x19, 0x1D,
    0x21, 0x24, 0x27, 0x29, 0x2B, 0x2D, 0x2E, 0x2E, 0x2E, 0x2E, 0x2D, 0x2B, 0x2A, 0x27, 0x24, 0x21,
    0x1E, 0x1A, 0x16, 0xD0, 0x11, 0x0D, 0x08, 0x03, 0xFE, 0xFA, 0xF5, 0xF0, 0xEC, 0xE7, 0xE3, 0xE0,
    0xDC, 0xD9, 0xD7, 0xD5, 0xD3, 0xD2, 0xD1, 0xD1, 0xD1, 0xD2, 0xD3, 0xD5, 0xD7, 0xD9, 0xDC, 0xE0,
    0xE4, 0xE8, 0xEC, 0xF0, 0xD0, 0xF5, 0xFA, 0xFF, 0x03, 0x08, 0x0D, 0x12, 0x16, 0x1A, 0x1E, 0x21,
    0x25, 0x27, 0x2A, 0x2C, 0x2D, 0x2E, 0x2E, 0x2E, 0x2E, 0x2D, 0x2B, 0x29, 0x27, 0x24, 0x21, 0x1D,
    0x19, 0x15, 0x10, 0x0C, 0x07, 0xD0, 0x02, 0xFE, 0xF9, 0xF4, 0xEF, 0xEB, 0xE7, 0xE3, 0xDF, 0xDC,
    0xD9, 0xD6, 0xD4, 0xD3, 0xD1, 0xD1, 0xD1, 0xD1, 0xD2, 0xD3, 0xD5, 0xD7, 0xDA, 0xDD, 0xE0, 0xE4,
    0xE8, 0xED, 0xF1, 0xF6, 0xFB, 0x00, 0xD0, 0x04, 0x09, 0x0E, 0x12, 0x17, 0x1B, 0x1F, 0x22, 0x25,
    0x28, 0x2A, 0x2C, 0x2D, 0x2E, 0x2E, 0x2E, 0x2E, 0x2C, 0x2B, 0x29, 0x26, 0x23, 0x20, 0x1C, 0x18,
    0x14, 0x10, 0x0B, 0x06, 0x01, 0xFD, 0xF8, 0xD0, 0xF3, 0xEF, 0xEA, 0xE6, 0xE2, 0xDE, 0xDB, 0xD8,
    0xD6, 0xD4, 0xD2, 0xD1, 0xD1, 0xD1, 0xD1, 0xD2, 0xD3, 0xD5, 0xD8, 0xDA, 0xDE, 0xE1, 0xE5, 0xE9,
    0xED, 0xF2, 0xF7, 0xFC, 0x00, 0x05, 0x0A, 0x0F, 0xD0, 0x13, 0x17, 0x1B, 0x1F, 0x23, 0x26, 0x28,
    0x2A, 0x2C, 0x2D, 0x2E, 0x2E, 0x2E, 0x2D, 0x2C, 0x2A, 0x28, 0x26, 0x23, 0x1F, 0x1C, 0x18, 0x13,
    0x0F, 0x0A, 0x05, 0x01, 0xFC, 0xF7, 0xF2, 0xEE, 0xE9, 0xD0, 0xE5, 0xE1, 0xDE, 0xDB, 0xD8, 0xD5,
    0xD4, 0xD2, 0xD1, 0xD1, 0xD1, 0xD1, 0xD2, 0xD4, 0xD6, 0xD8, 0xDB, 0xDE, 0xE2, 0xE6, 0xEA, 0xEE,
    0xF3, 0xF8, 0xFC, 0x01, 0x06, 0x0B, 0x0F, 0x14, 0x18, 0x1C, 0xD0, 0x20, 0x23, 0x26, 0x29, 0x2B,
    0x2C, 0x2E, 0x2E, 0x2E, 0x2E, 0x2D, 0x2C, 0x2A, 0x28, 0x25, 0x22, 0x1F, 0x1B, 0x17, 0x13, 0x0E,
    0x09, 0x05, 0x00, 0xFB, 0xF6, 0xF1, 0xED, 0xE9, 0xE4, 0xE1, 0xDD, 0xD0, 0xDA, 0xD7, 0xD5, 0xD3,
    0xD2, 0xD1, 0xD1, 0xD1, 0xD1, 0xD3, 0xD4, 0xD6, 0xD9, 0xDC, 0xDF, 0xE3, 0xE6, 0xEB, 0xEF, 0xF4,
    0xF8, 0xFD, 0x02, 0x07, 0x0C, 0x10, 0x15, 0x19, 0x1D, 0x20, 0x24, 0x27, 0xD0, 0x29, 0x2B, 0x2D,
    0x2E, 0x2E, 0x2E, 0x2E, 0x2D, 0x2C, 0x2A, 0x27, 0x25, 0x22, 0x1E, 0x1A, 0x16, 0x12, 0x0D, 0x08,
    0x04, 0xFF, 0xFA, 0xF5, 0xF1, 0xEC, 0xE8, 0xE4, 0xE0, 0xDD, 0xDA, 0xD7, 0xD5, 0xD0, 0xD3, 0xD2,
    0xD1, 0xD1, 0xD1, 0xD2, 0xD3, 0xD4, 0xD7, 0xD9, 0xDC, 0xE0, 0xE3, 0xE7, 0xEB, 0xF0, 0xF5, 0xF9,
    0xFE, 0x03, 0x08, 0x0D, 0x11, 0x15, 0x1A, 0x1E, 0x21, 0x24, 0x27, 0x29, 0x2B, 0x2D, 0xD0, 0x2E,
    0x2E, 0x2E, 0x2E, 0x2D, 0x2B, 0x29, 0x27, 0x24, 0x21, 0x1D, 0x19, 0x15, 0x11, 0x0C, 0x08, 0x03,
    0xFE, 0xF9, 0xF4, 0xF0, 0xEB, 0xE7, 0xE3, 0xDF, 0xDC, 0xD9, 0xD6, 0xD4, 0xD3, 0xD2, 0xD1, 0xD0,
    0xD1, 0xD1, 0xD2, 0xD3, 0xD5, 0xD7, 0xDA, 0xDD, 0xE0, 0xE4, 0xE8, 0xEC, 0xF1, 0xF5, 0xFA, 0xFF,
    0x04, 0x09, 0x0D, 0x12, 0x16, 0x1A, 0x1E, 0x22, 0x25, 0x28, 0x2A, 0x2C, 0x2D, 0x2E, 0x2E, 0x2E,
    0xD0, 0x2E, 0x2D, 0x2B, 0x29, 0x26, 0x24, 0x20, 0x1D, 0x19, 0x15, 0x10, 0x0B, 0x07, 0x02, 0xFD,
    0xF8, 0xF4, 0xEF, 0xEA, 0xE6, 0xE2, 0xDF, 0xDB, 0xD9, 0xD6, 0xD4, 0xD2, 0xD1, 0xD1, 0xD1, 0xD1,
    0xD2, 0xD0, 0xD3, 0xD5, 0xD7, 0xDA, 0xDD, 0xE1, 0xE5, 0xE9, 0xED, 0xF2, 0xF6, 0xFB, 0x00, 0x05,
    0x0A, 0x0E, 0x13, 0x17, 0x1B, 0x1F, 0x22, 0x25, 0x28, 0x2A, 0x2C, 0x2D, 0x2E, 0x2E, 0x2E, 0x2D,
    0x2C, 0x2B, 0xD0, 0x29, 0x26, 0x23, 0x20, 0x1C, 0x18, 0x14, 0x0F, 0x0B, 0x06, 0x01, 0xFC, 0xF7,
    0xF3, 0xEE, 0xEA, 0xE6, 0xE2, 0xDE, 0xDB, 0xD8, 0xD6, 0xD4, 0xD2, 0xD1, 0xD1, 0xD1, 0xD1, 0xD2,
    0xD4, 0xD6, 0xD8, 0xD0, 0xDB, 0xDE, 0xE1, 0xE5, 0xEA, 0xEE, 0xF2, 0xF7, 0xFC, 0x01, 0x06, 0x0A,
    0x0F, 0x14, 0x18, 0x1C, 0x1F, 0x23, 0x26, 0x28, 0x2B, 0x2C, 0x2D, 0x2E, 0x2E, 0x2E, 0x2D, 0x2C,
    0x2A, 0x28, 0x25, 0x22, 0xD0, 0x1F, 0x1B, 0x17, 0x13, 0x0E, 0x0A, 0x05, 0x00, 0xFB, 0xF7, 0xF2,
    0xED, 0xE9, 0xE5, 0xE1, 0xDD, 0xDA, 0xD8, 0xD5, 0xD3, 0xD2, 0xD1, 0xD1, 0xD1, 0xD1, 0xD2, 0xD4,
    0xD6, 0xD8, 0xDB, 0xDF, 0xE2, 0xD0, 0xE6, 0xEA, 0xEF, 0xF3, 0xF8, 0xFD, 0x02, 0x07, 0x0B, 0x10,
    0x14, 0x19, 0x1C, 0x20, 0x23, 0x26, 0x29, 0x2B, 0x2C, 0x2E, 0x2E, 0x2E, 0x2E, 0x2D, 0x2C, 0x2A,
    0x28, 0x25, 0x22, 0x1E, 0x1B, 0x16, 0xD0, 0x12, 0x0E, 0x09, 0x04, 0xFF, 0xFA, 0xF6, 0xF1, 0xEC,
    0xE8, 0xE4, 0xE0, 0xDD, 0xDA, 0xD7, 0xD5, 0xD3, 0xD2, 0xD1, 0xD1, 0xD1, 0xD1, 0xD3, 0xD4, 0xD6,
    0xD9, 0xDC, 0xDF, 0xE3, 0xE7, 0xEB, 0xF0, 0xD0, 0xF4, 0xF9, 0xFE, 0x03, 0x07, 0x0C, 0x11, 0x15,
    0x19, 0x1D, 0x21, 0x24, 0x27, 0x29, 0x2B, 0x2D, 0x2E, 0x2E, 0x2E, 0x2E, 0x2D, 0x2B, 0x2A, 0x27,
    0x24, 0x21, 0x1E, 0x1A, 0x16, 0x11, 0x0D, 0x08, 0xD0, 0x03, 0xFE, 0xFA, 0xF5, 0xF0, 0xEC, 0xE7,
    0xE3, 0xE0, 0xDC, 0xD9, 0xD7, 0xD5, 0xD3, 0xD2, 0xD1, 0xD1, 0xD1, 0xD2, 0xD3, 0xD5, 0xD7, 0xD9,
    0xDC, 0xE0, 0xE4, 0xE8, 0xEC, 0xF0, 0xF5, 0xFA, 0xFF, 0xD0, 0x03, 0x08, 0x0D, 0x12, 0x16, 0x1A,
    0x1E, 0x21, 0x25, 0x27, 0x2A, 0x2C, 0x2D, 0x2E, 0x2E, 0x2E, 0x2E, 0x2D, 0x2B, 0x29, 0x27, 0x24,
    0x21, 0x1D, 0x19, 0x15, 0x10, 0x0C, 0x07, 0x02, 0xFE, 0xF9, 0xD0, 0xF4, 0xEF, 0xEB, 0xE7, 0xE3,
    0xDF, 0xDC, 0xD9, 0xD6, 0xD4, 0xD3, 0xD1, 0xD1, 0xD1, 0xD1, 0xD2, 0xD3, 0xD5, 0xD7, 0xDA, 0xDD,
    0xE0, 0xE4, 0xE8, 0xED, 0xF1, 0xF6, 0xFB, 0x00, 0x04, 0x09, 0x0E, 0xD0, 0x12, 0x17, 0x1B, 0x1F,
    0x22, 0x25, 0x28, 0x2A, 0x2C, 0x2D, 0x2E, 0x2E, 0x2E, 0x2E, 0x2C, 0x2B, 0x29, 0x26, 0x23, 0x20,
    0x1C, 0x18, 0x14, 0x10, 0x0B, 0x06, 0x01, 0xFD, 0xF8, 0xF3, 0xEF, 0xEA, 0xD0, 0xE6, 0xE2, 0xDE,
    0xDB, 0xD8, 0xD6, 0xD4, 0xD2, 0xD1, 0xD1, 0xD1, 0xD1, 0xD2, 0xD3, 0xD5, 0xD8, 0xDA, 0xDE, 0xE1,
    0xE5, 0xE9, 0xED, 0xF2, 0xF7, 0xFC, 0x00, 0x05, 0x0A, 0x0F, 0x13, 0x17, 0x1B, 0xD0, 0x1F, 0x23,
    0x26, 0x28, 0x2A, 0x2C, 0x2D, 0x2E, 0x2E, 0x2E, 0x2D, 0x2C, 0x2A, 0x28, 0x26, 0x23, 0x1F, 0x1C,
    0x18, 0x13, 0x0F, 0x0A, 0x05, 0x01, 0xFC, 0xF7, 0xF2, 0xEE, 0xE9, 0xE5, 0xE1, 0xDE, 0xD0, 0xDB,
    0xD8, 0xD5, 0xD4, 0xD2, 0xD1, 0xD1, 0xD1, 0xD1, 0xD2, 0xD4, 0xD6, 0xD8, 0xDB, 0xDE, 0xE2, 0xE6,
    0xEA, 0xEE, 0xF3, 0xF8, 0xFC, 0x01, 0x06, 0x0B, 0x0F, 0x14, 0x18, 0x1C, 0x20, 0x23, 0x26, 0xD0,
    0x29, 0x2B, 0x2C, 0x2E, 0x2E, 0x2E, 0x2E, 0x2D, 0x2C, 0x2A, 0x28, 0x25, 0x22, 0x1F, 0x1B, 0x17,
    0x13, 0x0E, 0x09, 0x05, 0x00, 0xFB, 0xF6, 0xF1, 0xED, 0xE9, 0xE4, 0xE1, 0xDD, 0xDA, 0xD7, 0xD5,
    0xD0, 0xD3, 0xD2, 0xD1, 0xD1, 0xD1, 0xD1, 0xD3, 0xD4, 0xD6, 0xD9, 0xDC, 0xDF, 0xE3, 0xE6, 0xEB,
    0xEF, 0xF4, 0xF8, 0xFD, 0x02, 0x07, 0x0C, 0x10, 0x15, 0x19, 0x1D, 0x20, 0x24, 0x27, 0x29, 0x2B,
    0x2D, 0xD0, 0x2E, 0x2E, 0x2E, 0x2E, 0x2D, 0x2C, 0x2A, 0x27, 0x25, 0x22, 0x1E, 0x1A, 0x16, 0x12,
    0x0D, 0x08, 0x04, 0xFF, 0xFA, 0xF5, 0xF1, 0xEC, 0xE8, 0xE4, 0xE0, 0xDD, 0xDA, 0xD7, 0xD5, 0xD3,
    0xD2, 0xD1, 0xD0, 0xD1, 0xD1, 0xD2, 0xD3, 0xD4, 0xD7, 0xD9, 0xDC, 0xE0, 0xE3, 0xE7, 0xEB, 0xF0,
    0xF5, 0xF9, 0xFE, 0x03, 0x08, 0x0D, 0x11, 0x15, 0x1A, 0x1E, 0x21, 0x24, 0x27, 0x29, 0x2B, 0x2D,
    0x2E, 0x2E, 0x2E, 0xD0, 0x2E, 0x2D, 0x2B, 0x29, 0x27, 0x24, 0x21, 0x1D, 0x19, 0x15, 0x11, 0x0C,
    0x08, 0x03, 0xFE, 0xF9, 0xF4, 0xF0, 0xEB, 0xE7, 0xE3, 0xDF, 0xDC, 0xD9, 0xD6, 0xD4, 0xD3, 0xD2,
    0xD1, 0xD1, 0xD1, 0xD2, 0xD0, 0xD3, 0xD5, 0xD7, 0xDA, 0xDD, 0xE0, 0xE4, 0xE8, 0xEC, 0xF1, 0xF5,
    0xFA, 0xFF, 0x04, 0x09, 0x0D, 0x12, 0x16, 0x1A, 0x1E, 0x22, 0x25, 0x28, 0x2A, 0x2C, 0x2D, 0x2E,
    0x2E, 0x2E, 0x2E, 0x2D, 0x2B, 0xD0, 0x29, 0x26, 0x24, 0x20, 0x1D, 0x19, 0x15, 0x10, 0x0B, 0x07,
    0x02, 0xFD, 0xF8, 0xF4, 0xEF, 0xEA, 0xE6, 0xE2, 0xDF, 0xDB, 0xD9, 0xD6, 0xD4, 0xD2, 0xD1, 0xD1,
    0xD1, 0xD1, 0xD2, 0xD3, 0xD5, 0xD7, 0xD0, 0xDA, 0xDD, 0xE1, 0xE5, 0xE9, 0xED, 0xF2, 0xF6, 0xFB,
    0x00, 0x05, 0x0A, 0x0E, 0x13, 0x17, 0x1B, 0x1F, 0x22, 0x25, 0x28, 0x2A, 0x2C, 0x2D, 0x2E, 0x2E,
    0x2E, 0x2D, 0x2C, 0x2B, 0x29, 0x26, 0x23, 0xD0, 0x20, 0x1C, 0x18, 0x14, 0x0F, 0x0B, 0x06, 0x01,
    0xFC, 0xF7, 0xF3, 0xEE, 0xEA, 0xE6, 0xE2, 0xDE, 0xDB, 0xD8, 0xD6, 0xD4, 0xD2, 0xD1, 0xD1, 0xD1,
    0xD1, 0xD2, 0xD4, 0xD6, 0xD8, 0xDB, 0xDE, 0xE1, 0xD0, 0xE5, 0xEA, 0xEE, 0xF2, 0xF7, 0xFC, 0x01,
    0x06, 0x0A, 0x0F, 0x14, 0x18, 0x1C, 0x1F, 0x23, 0x26, 0x28, 0x2B, 0x2C, 0x2D, 0x2E, 0x2E, 0x2E,
    0x2D, 0x2C, 0x2A, 0x28, 0x25, 0x22, 0x1F, 0x1B, 0x17, 0xD0, 0x13, 0x0E, 0x0A, 0x05, 0x00, 0xFB,
    0xF7, 0xF2, 0xED, 0xE9, 0xE5, 0xE1, 0xDD, 0xDA, 0xD8, 0xD5, 0xD3, 0xD2, 0xD1, 0xD1, 0xD1, 0xD1,
    0xD2, 0xD4, 0xD6, 0xD8, 0xDB, 0xDF, 0xE2, 0xE6, 0xEA, 0xEF, 0xD0, 0xF3, 0xF8, 0xFD, 0x02, 0x07,
    0x0B, 0x10, 0x14, 0x19, 0x1C, 0x20, 0x23, 0x26, 0x29, 0x2B, 0x2C, 0x2E, 0x2E, 0x2E, 0x2E, 0x2D,
    0x2C, 0x2A, 0x28, 0x25, 0x22, 0x1E, 0x1B, 0x16, 0x12, 0x0E, 0x09, 0xD0, 0x04, 0xFF, 0xFA, 0xF6,
    0xF1, 0xEC, 0xE8, 0xE4, 0xE0, 0xDD, 0xDA, 0xD7, 0xD5, 0xD3, 0xD2, 0xD1, 0xD1, 0xD1, 0xD1, 0xD3,
    0xD4, 0xD6, 0xD9, 0xDC, 0xDF, 0xE3, 0xE7, 0xEB, 0xF0, 0xF4, 0xF9, 0xFE, 0xD0, 0x03, 0x07, 0x0C,
    0x11, 0x15, 0x19, 0x1D, 0x21, 0x24, 0x27, 0x29, 0x2B, 0x2D, 0x2E, 0x2E, 0x2E, 0x2E, 0x2D, 0x2B,
    0x2A, 0x27, 0x24, 0x21, 0x1E, 0x1A, 0x16, 0x11, 0x0D, 0x08, 0x03, 0xFE, 0xFA, 0xD0, 0xF5, 0xF0,
    0xEC, 0xE7, 0xE3, 0xE0, 0xDC, 0xD9, 0xD7, 0xD5, 0xD3, 0xD2, 0xD1, 0xD1, 0xD1, 0xD2, 0xD3, 0xD5,
    0xD7, 0xD9, 0xDC, 0xE0, 0xE4, 0xE8, 0xEC, 0xF0, 0xF5, 0xFA, 0xFF, 0x03, 0x08, 0x0D, 0xD0, 0x12,
    0x16, 0x1A, 0x1E, 0x21, 0x25, 0x27, 0x2A, 0x2C, 0x2D, 0x2E, 0x2E, 0x2E, 0x2E, 0x2D, 0x2B, 0x29,
    0x27, 0x24, 0x21, 0x1D, 0x19, 0x15, 0x10, 0x0C, 0x07, 0x02, 0xFE, 0xF9, 0xF4, 0xEF, 0xEB, 0xD0,
    0xE7, 0xE3, 0xDF, 0xDC, 0xD9, 0xD6, 0xD4, 0xD3, 0xD1, 0xD1, 0xD1, 0xD1, 0xD2, 0xD3, 0xD5, 0xD7,
    0xDA, 0xDD, 0xE0, 0xE4, 0xE8, 0xED, 0xF1, 0xF6, 0xFB, 0x00, 0x04, 0x09, 0x0E, 0x12, 0x17, 0x1B,
    0xD0, 0x1F, 0x22, 0x25, 0x28, 0x2A, 0x2C, 0x2D, 0x2E, 0x2E, 0x2E, 0x2E, 0x2C, 0x2B, 0x29, 0x26,
    0x23, 0x20, 0x1C, 0x18, 0x14, 0x10, 0x0B, 0x06, 0x01, 0xFD, 0xF8, 0xF3, 0xEF, 0xEA, 0xE6, 0xE2,
    0xDE, 0xD0, 0xDB, 0xD8, 0xD6, 0xD4, 0xD2, 0xD1, 0xD1, 0xD1, 0xD1, 0xD2, 0xD3, 0xD5, 0xD8, 0xDA,
    0xDE, 0xE1, 0xE5, 0xE9, 0xED, 0xF2, 0xF7, 0xFC, 0x00, 0x05, 0x0A, 0x0F, 0x13, 0x17, 0x1B, 0x1F,
    0x23, 0x26, 0xD0, 0x28, 0x2A, 0x2C, 0x2D, 0x2E, 0x2E, 0x2E, 0x2D, 0x2C, 0x2A, 0x28, 0x26, 0x23,
    0x1F, 0x1C, 0x18, 0x13, 0x0F, 0x0A, 0x05, 0x01, 0xFC, 0xF7, 0xF2, 0xEE, 0xE9, 0xE5, 0xE1, 0xDE,
    0xDB, 0xD8, 0xD5, 0xD0, 0xD4, 0xD2, 0xD1, 0xD1, 0xD1, 0xD1, 0xD2, 0xD4, 0xD6, 0xD8, 0xDB, 0xDE,
    0xE2, 0xE6, 0xEA, 0xEE, 0xF3, 0xF8, 0xFC, 0x01, 0x06, 0x0B, 0x0F, 0x14, 0x18, 0x1C, 0x20, 0x23,
    0x26, 0x29, 0x2B, 0x2C, 0xD0, 0x2E, 0x2E, 0x2E, 0x2E, 0x2D, 0x2C, 0x2A, 0x28, 0x25, 0x22, 0x1F,
    0x1B, 0x17, 0x13, 0x0E, 0x09, 0x05, 0x00, 0xFB, 0xF6, 0xF1, 0xED, 0xE9, 0xE4, 0xE1, 0xDD, 0xDA,
    0xD7, 0xD5, 0xD3, 0xD2, 0xD1, 0xD0, 0xD1, 0xD1, 0xD1, 0xD3, 0xD4, 0xD6, 0xD9, 0xDC, 0xDF, 0xE3,
    0xE6, 0xEB, 0xEF, 0xF4, 0xF8, 0xFD, 0x02, 0x07, 0x0C, 0x10, 0x15, 0x19, 0x1D, 0x20, 0x24, 0x27,
    0x29, 0x2B, 0x2D, 0x2E, 0x2E, 0x2E, 0xD0, 0x2E, 0x2D, 0x2C, 0x2A, 0x27, 0x25, 0x22, 0x1E, 0x1A,
    0x16, 0x12, 0x0D, 0x08, 0x04, 0xFF, 0xFA, 0xF5, 0xF1, 0xEC, 0xE8, 0xE4, 0xE0, 0xDD, 0xDA, 0xD7,
    0xD5, 0xD3, 0xD2, 0xD1, 0xD1, 0xD1, 0xD2, 0xD0, 0xD3, 0xD4, 0xD7, 0xD9, 0xDC, 0xE0, 0xE3, 0xE7,
    0xEB, 0xF0, 0xF5, 0xF9, 0xFE, 0x03, 0x08, 0x0D, 0x11, 0x15, 0x1A, 0x1E, 0x21, 0x24, 0x27, 0x29,
    0x2B, 0x2D, 0x2E, 0x2E, 0x2E, 0x2E, 0x2D, 0x2B, 0xD0, 0x29, 0x27, 0x24, 0x21, 0x1D, 0x19, 0x15,
    0x11, 0x0C, 0x08, 0x03, 0xFE, 0xF9, 0xF4, 0xF0, 0xEB, 0xE7, 0xE3, 0xDF, 0xDC, 0xD9, 0xD6, 0xD4,
    0xD3, 0xD2, 0xD1, 0xD1, 0xD1, 0xD2, 0xD3, 0xD5, 0xD7, 0xD0, 0xDA, 0xDD, 0xE0, 0xE4, 0xE8, 0xEC,
    0xF1, 0xF5, 0xFA, 0xFF, 0x04, 0x09, 0x0D, 0x12, 0x16, 0x1A, 0x1E, 0x22, 0x25, 0x28, 0x2A, 0x2C,
    0x2D, 0x2E, 0x2E, 0x2E, 0x2E, 0x2D, 0x2B, 0x29, 0x26, 0x24, 0xD0, 0x20, 0x1D, 0x19, 0x15, 0x10,
    0x0B, 0x07, 0x02, 0xFD, 0xF8, 0xF4, 0xEF, 0xEA, 0xE6, 0xE2, 0xDF, 0xDB, 0xD9, 0xD6, 0xD4, 0xD2,
    0xD1, 0xD1, 0xD1, 0xD1, 0xD2, 0xD3, 0xD5, 0xD7, 0xDA, 0xDD, 0xE1, 0xD0, 0xE5, 0xE9, 0xED, 0xF2,
    0xF6, 0xFB, 0x00, 0x05, 0x0A, 0x0E, 0x13, 0x17, 0x1B, 0x1F, 0x22, 0x25, 0x28, 0x2A, 0x2C, 0x2D,
    0x2E, 0x2E, 0x2E, 0x2D, 0x2C, 0x2B, 0x29, 0x26, 0x23, 0x20, 0x1C, 0x18, 0xD0, 0x14, 0x0F, 0x0B,
    0x06, 0x01, 0xFC, 0xF7, 0xF3, 0xEE, 0xEA, 0xE6, 0xE2, 0xDE, 0xDB, 0xD8, 0xD6, 0xD4, 0xD2, 0xD1,
    0xD1, 0xD1, 0xD1, 0xD2, 0xD4, 0xD6, 0xD8, 0xDB, 0xDE, 0xE1, 0xE5, 0xEA, 0xEE, 0xD0, 0xF2, 0xF7,
    0xFC, 0x01, 0x06, 0x0A, 0x0F, 0x14, 0x18, 0x1C, 0x1F, 0x23, 0x26, 0x28, 0x2B, 0x2C, 0x2D, 0x2E,
    0x2E, 0x2E, 0x2D, 0x2C, 0x2A, 0x28, 0x25, 0x22, 0x1F, 0x1B, 0x17, 0x13, 0x0E, 0x0A, 0xD0, 0x05,
    0x00, 0xFB, 0xF7, 0xF2, 0xED, 0xE9, 0xE5, 0xE1, 0xDD, 0xDA, 0xD8, 0xD5, 0xD3, 0xD2, 0xD1, 0xD1,
    0xD1, 0xD1, 0xD2, 0xD4, 0xD6, 0xD8, 0xDB, 0xDF, 0xE2, 0xE6, 0xEA, 0xEF, 0xF3, 0xF8, 0xFD, 0xD0,
    0x02, 0x07, 0x0B, 0x10, 0x14, 0x19, 0x1C, 0x20, 0x23, 0x26, 0x29, 0x2B, 0x2C, 0x2E, 0x2E, 0x2E,
    0x2E, 0x2D, 0x2C, 0x2A, 0x28, 0x25, 0x22, 0x1E, 0x1B, 0x16, 0x12, 0x0E, 0x09, 0x04, 0xFF, 0xFA,
    0xD0, 0xF6, 0xF1, 0xEC, 0xE8, 0xE4, 0xE0, 0xDD, 0xDA, 0xD7, 0xD5, 0xD3, 0xD2, 0xD1, 0xD1, 0xD1,
    0xD1, 0xD3, 0xD4, 0xD6, 0xD9, 0xDC, 0xDF, 0xE3, 0xE7, 0xEB, 0xF0, 0xF4, 0xF9, 0xFE, 0x03, 0x07,
    0x0C, 0xD0, 0x11, 0x15, 0x19, 0x1D, 0x21, 0x24, 0x27, 0x29, 0x2B, 0x2D, 0x2E, 0x2E, 0x2E, 0x2E,
    0x2D, 0x2B, 0x2A, 0x27, 0x24, 0x21, 0x1E, 0x1A, 0x16, 0x11, 0x0D, 0x08, 0x03, 0xFE, 0xFA, 0xF5,
    0xF0, 0xEC, 0xD0, 0xE7, 0xE3, 0xE0, 0xDC, 0xD9, 0xD7, 0xD5, 0xD3, 0xD2, 0xD1, 0xD1, 0xD1, 0xD2,
    0xD3, 0xD5, 0xD7, 0xD9, 0xDC, 0xE0, 0xE4, 0xE8, 0xEC, 0xF0, 0xF5, 0xFA, 0xFF, 0x03, 0x08, 0x0D,
    0x12, 0x16, 0x1A, 0xD0, 0x1E, 0x21, 0x25, 0x27, 0x2A, 0x2C, 0x2D, 0x2E, 0x2E, 0x2E, 0x2E, 0x2D,
    0x2B, 0x29, 0x27, 0x24, 0x21, 0x1D, 0x19, 0x15, 0x10, 0x0C, 0x07, 0x02, 0xFE, 0xF9, 0xF4, 0xEF,
    0xEB, 0xE7, 0xE3, 0xDF, 0xD0, 0xDC, 0xD9, 0xD6, 0xD4, 0xD3, 0xD1, 0xD1, 0xD1, 0xD1, 0xD2, 0xD3,
    0xD5, 0xD7, 0xDA, 0xDD, 0xE0, 0xE4, 0xE8, 0xED, 0xF1, 0xF6, 0xFB, 0x00, 0x04, 0x09, 0x0E, 0x12,
    0x17, 0x1B, 0x1F, 0x22, 0x25, 0xD0, 0x28, 0x2A, 0x2C, 0x2D, 0x2E, 0x2E, 0x2E, 0x2E, 0x2C, 0x2B,
    0x29, 0x26, 0x23, 0x20, 0x1C, 0x18, 0x14, 0x10, 0x0B, 0x06, 0x01, 0xFD, 0xF8, 0xF3, 0xEF, 0xEA,
    0xE6, 0xE2, 0xDE, 0xDB, 0xD8, 0xD6, 0xD0, 0xD4, 0xD2, 0xD1, 0xD1, 0xD1, 0xD1, 0xD2, 0xD3, 0xD5,
    0xD8, 0xDA, 0xDE, 0xE1, 0xE5, 0xE9, 0xED, 0xF2, 0xF7, 0xFC, 0x00, 0x05, 0x0A, 0x0F, 0x13, 0x17,
    0x1B, 0x1F, 0x23, 0x26, 0x28, 0x2A, 0x2C, 0xD0, 0x2D, 0x2E, 0x2E, 0x2E, 0x2D, 0x2C, 0x2A, 0x28,
    0x26, 0x23, 0x1F, 0x1C, 0x18, 0x13, 0x0F, 0x0A, 0x05, 0x01, 0xFC, 0xF7, 0xF2, 0xEE, 0xE9, 0xE5,
    0xE1, 0xDE, 0xDB, 0xD8, 0xD5, 0xD4, 0xD2, 0xD1, 0xD0, 0xD1, 0xD1, 0xD1, 0xD2, 0xD4, 0xD6, 0xD8,
    0xDB, 0xDE, 0xE2, 0xE6, 0xEA, 0xEE, 0xF3, 0xF8, 0xFC, 0x01, 0x06, 0x0B, 0x0F, 0x14, 0x18, 0x1C,
    0x20, 0x23, 0x26, 0x29, 0x2B, 0x2C, 0x2E, 0x2E, 0x2E, 0xD0, 0x2E, 0x2D, 0x2C, 0x2A, 0x28, 0x25,
    0x22, 0x1F, 0x1B, 0x17, 0x13, 0x0E, 0x09, 0x05, 0x00, 0xFB, 0xF6, 0xF1, 0xED, 0xE9, 0xE4, 0xE1,
    0xDD, 0xDA, 0xD7, 0xD5, 0xD3, 0xD2, 0xD1, 0xD1, 0xD1, 0xD1, 0xD0, 0xD3, 0xD4, 0xD6, 0xD9, 0xDC,
    0xDF, 0xE3, 0xE6, 0xEB, 0xEF, 0xF4, 0xF8, 0xFD, 0x02, 0x07, 0x0C, 0x10, 0x15, 0x19, 0x1D, 0x20,
    0x24, 0x27, 0x29, 0x2B, 0x2D, 0x2E, 0x2E, 0x2E, 0x2E, 0x2D, 0x2C, 0xD0, 0x2A, 0x27, 0x25, 0x22,
    0x1E, 0x1A, 0x16, 0x12, 0x0D, 0x08, 0x04, 0xFF, 0xFA, 0xF5, 0xF1, 0xEC, 0xE8, 0xE4, 0xE0, 0xDD,
    0xDA, 0xD7, 0xD5, 0xD3, 0xD2, 0xD1, 0xD1, 0xD1, 0xD2, 0xD3, 0xD4, 0xD7, 0xD0, 0xD9, 0xDC, 0xE0,
    0xE3, 0xE7, 0xEB, 0xF0, 0xF5, 0xF9, 0xFE, 0x03, 0x08, 0x0D, 0x11, 0x15, 0x1A, 0x1E, 0x21, 0x24,
    0x27, 0x29, 0x2B, 0x2D, 0x2E, 0x2E, 0x2E, 0x2E, 0x2D, 0x2B, 0x29, 0x27, 0x24, 0xD0, 0x21, 0x1D,
    0x19, 0x15, 0x11, 0x0C, 0x08, 0x03, 0xFE, 0xF9, 0xF4, 0xF0, 0xEB, 0xE7, 0xE3, 0xDF, 0xDC, 0xD9,
    0xD6, 0xD4, 0xD3, 0xD2, 0xD1, 0xD1, 0xD1, 0xD2, 0xD3, 0xD5, 0xD7, 0xDA, 0xDD, 0xE0, 0xD0, 0xE4,
    0xE8, 0xEC, 0xF1, 0xF5, 0xFA, 0xFF, 0x04, 0x09, 0x0D, 0x12, 0x16, 0x1A, 0x1E, 0x22, 0x25, 0x28,
    0x2A, 0x2C, 0x2D, 0x2E, 0x2E, 0x2E, 0x2E, 0x2D, 0x2B, 0x29, 0x26, 0x24, 0x20, 0x1D, 0x19, 0xD0,
    0x15, 0x10, 0x0B, 0x07, 0x02, 0xFD, 0xF8, 0xF4, 0xEF, 0xEA, 0xE6, 0xE2, 0xDF, 0xDB, 0xD9, 0xD6,
    0xD4, 0xD2, 0xD1, 0xD1, 0xD1, 0xD1, 0xD2, 0xD3, 0xD5, 0xD7, 0xDA, 0xDD, 0xE1, 0xE5, 0xE9, 0xED,
    0xD0, 0xF2, 0xF6, 0xFB, 0x00, 0x05, 0x0A, 0x0E, 0x13, 0x17, 0x1B, 0x1F, 0x22, 0x25, 0x28, 0x2A,
    0x2C, 0x2D, 0x2E, 0x2E, 0x2E, 0x2D, 0x2C, 0x2B, 0x29, 0x26, 0x23, 0x20, 0x1C, 0x18, 0x14, 0x0F,
    0x0B, 0xD0, 0x06, 0x01, 0xFC, 0xF7, 0xF3, 0xEE, 0xEA, 0xE6, 0xE2, 0xDE, 0xDB, 0xD8, 0xD6, 0xD4,
    0xD2, 0xD1, 0xD1, 0xD1, 0xD1, 0xD2, 0xD4, 0xD6, 0xD8, 0xDB, 0xDE, 0xE1, 0xE5, 0xEA, 0xEE, 0xF2,
    0xF7, 0xFC, 0xD0, 0x01, 0x06, 0x0A, 0x0F, 0x14, 0x18, 0x1C, 0x1F, 0x23, 0x26, 0x28, 0x2B, 0x2C,
    0x2D, 0x2E, 0x2E, 0x2E, 0x2D, 0x2C, 0x2A, 0x28, 0x25, 0x22, 0x1F, 0x1B, 0x17, 0x13, 0x0E, 0x0A,
    0x05, 0x00, 0xFB, 0xD0, 0xF7, 0xF2, 0xED, 0xE9, 0xE5, 0xE1, 0xDD, 0xDA, 0xD8, 0xD5, 0xD3, 0xD2,
    0xD1, 0xD1, 0xD1, 0xD1, 0xD2, 0xD4, 0xD6, 0xD8, 0xDB, 0xDF, 0xE2, 0xE6, 0xEA, 0xEF, 0xF3, 0xF8,
    0xFD, 0x02, 0x07, 0x0B, 0xD0, 0x10, 0x14, 0x19, 0x1C, 0x20, 0x23, 0x26, 0x29, 0x2B, 0x2C, 0x2E,
    0x2E, 0x2E, 0x2E, 0x2D, 0x2C, 0x2A, 0x28, 0x25, 0x22, 0x1E, 0x1B, 0x16, 0x12, 0x0E, 0x09, 0x04,
    0xFF, 0xFA, 0xF6, 0xF1, 0xEC, 0xD0, 0xE8, 0xE4, 0xE0, 0xDD, 0xDA, 0xD7, 0xD5, 0xD3, 0xD2, 0xD1,
    0xD1, 0xD1, 0xD1, 0xD3, 0xD4, 0xD6, 0xD9, 0xDC, 0xDF, 0xE3, 0xE7, 0xEB, 0xF0, 0xF4, 0xF9, 0xFE,
    0x03, 0x07, 0x0C, 0x11, 0x15, 0x19, 0xD0, 0x1D, 0x21, 0x24, 0x27, 0x29, 0x2B, 0x2D, 0x2E, 0x2E,
    0x2E, 0x2E, 0x2D, 0x2B, 0x2A, 0x27, 0x24, 0x21, 0x1E, 0x1A, 0x16, 0x11, 0x0D, 0x08, 0x03, 0xFE,
    0xFA, 0xF5, 0xF0, 0xEC, 0xE7, 0xE3, 0xE0, 0xD0, 0xDC, 0xD9, 0xD7, 0xD5, 0xD3, 0xD2, 0xD1, 0xD1,
    0xD1, 0xD2, 0xD3, 0xD5, 0xD7, 0xD9, 0xDC, 0xE0, 0xE4, 0xE8, 0xEC, 0xF0, 0xF5, 0xFA, 0xFF, 0x03,
    0x08, 0x0D, 0x12, 0x16, 0x1A, 0x1E, 0x21, 0x25, 0xD0, 0x27, 0x2A, 0x2C, 0x2D, 0x2E, 0x2E, 0x2E,
    0x2E, 0x2D, 0x2B, 0x29, 0x27, 0x24, 0x21, 0x1D, 0x19, 0x15, 0x10, 0x0C, 0x07, 0x02, 0xFE, 0xF9,
    0xF4, 0xEF, 0xEB, 0xE7, 0xE3, 0xDF, 0xDC, 0xD9, 0xD6, 0xD0, 0xD4, 0xD3, 0xD1, 0xD1, 0xD1, 0xD1,
    0xD2, 0xD3, 0xD5, 0xD7, 0xDA, 0xDD, 0xE0, 0xE4, 0xE8, 0xED, 0xF1, 0xF6, 0xFB, 0x00, 0x04, 0x09,
    0x0E, 0x12, 0x17, 0x1B, 0x1F, 0x22, 0x25, 0x28, 0x2A, 0x2C, 0xD0, 0x2D, 0x2E, 0x2E, 0x2E, 0x2E,
    0x2C, 0x2B, 0x29, 0x26, 0x23, 0x20, 0x1C, 0x18, 0x14, 0x10, 0x0B, 0x06, 0x01, 0xFD, 0xF8, 0xF3,
    0xEF, 0xEA, 0xE6, 0xE2, 0xDE, 0xDB, 0xD8, 0xD6, 0xD4, 0xD2, 0xD1, 0xD0, 0xD1, 0xD1, 0xD1, 0xD2,
    0xD3, 0xD5, 0xD8, 0xDA, 0xDE, 0xE1, 0xE5, 0xE9, 0xED, 0xF2, 0xF7, 0xFC, 0x00, 0x05, 0x0A, 0x0F,
    0x13, 0x17, 0x1B, 0x1F, 0x23, 0x26, 0x28, 0x2A, 0x2C, 0x2D, 0x2E, 0x2E, 0xD0, 0x2E, 0x2D, 0x2C,
    0x2A, 0x28, 0x26, 0x23, 0x1F, 0x1C, 0x18, 0x13, 0x0F, 0x0A, 0x05, 0x01, 0xFC, 0xF7, 0xF2, 0xEE,
    0xE9, 0xE5, 0xE1, 0xDE, 0xDB, 0xD8, 0xD5, 0xD4, 0xD2, 0xD1, 0xD1, 0xD1, 0xD1, 0xD0, 0xD2, 0xD4,
    0xD6, 0xD8, 0xDB, 0xDE, 0xE2, 0xE6, 0xEA, 0xEE, 0xF3, 0xF8, 0xFC, 0x01, 0x06, 0x0B, 0x0F, 0x14,
    0x18, 0x1C, 0x20, 0x23, 0x26, 0x29, 0x2B, 0x2C, 0x2E, 0x2E, 0x2E, 0x2E, 0x2D, 0x2C, 0xD0, 0x2A,
    0x28, 0x25, 0x22, 0x1F, 0x1B, 0x17, 0x13, 0x0E, 0x09, 0x05, 0x00, 0xFB, 0xF6, 0xF1, 0xED, 0xE9,
    0xE4, 0xE1, 0xDD, 0xDA, 0xD7, 0xD5, 0xD3, 0xD2, 0xD1, 0xD1, 0xD1, 0xD1, 0xD3, 0xD4, 0xD6, 0xD0,
    0xD9, 0xDC, 0xDF, 0xE3, 0xE6, 0xEB, 0xEF, 0xF4, 0xF8, 0xFD, 0x02, 0x07, 0x0C, 0x10, 0x15, 0x19,
    0x1D, 0x20, 0x24, 0x27, 0x29, 0x2B, 0x2D, 0x2E, 0x2E, 0x2E, 0x2E, 0x2D, 0x2C, 0x2A, 0x27, 0x25,
    0xD0, 0x22, 0x1E, 0x1A, 0x16, 0x12, 0x0D, 0x08, 0x04, 0xFF, 0xFA, 0xF5, 0xF1, 0xEC, 0xE8, 0xE4,
    0xE0, 0xDD, 0xDA, 0xD7, 0xD5, 0xD3, 0xD2, 0xD1, 0xD1, 0xD1, 0xD2, 0xD3, 0xD4, 0xD7, 0xD9, 0xDC,
    0xE0, 0xD0, 0xE3, 0xE7, 0xEB, 0xF0, 0xF5, 0xF9, 0xFE, 0x03, 0x08, 0x0D, 0x11, 0x15, 0x1A, 0x1E,
    0x21, 0x24, 0x27, 0x29, 0x2B, 0x2D, 0x2E, 0x2E, 0x2E, 0x2E, 0x2D, 0x2B, 0x29, 0x27, 0x24, 0x21,
    0x1D, 0x19, 0xD0, 0x15, 0x11, 0x0C, 0x08, 0x03, 0xFE, 0xF9, 0xF4, 0xF0, 0xEB, 0xE7, 0xE3, 0xDF,
    0xDC, 0xD9, 0xD6, 0xD4, 0xD3, 0xD2, 0xD1, 0xD1, 0xD1, 0xD2, 0xD3, 0xD5, 0xD7, 0xDA, 0xDD, 0xE0,
    0xE4, 0xE8, 0xEC, 0xD0, 0xF1, 0xF5, 0xFA, 0xFF, 0x04, 0x09, 0x0D, 0x12, 0x16, 0x1A, 0x1E, 0x22,
    0x25, 0x28, 0x2A, 0x2C, 0x2D, 0x2E, 0x2E, 0x2E, 0x2E, 0x2D, 0x2B, 0x29, 0x26, 0x24, 0x20, 0x1D,
    0x19, 0x15, 0x10, 0x0B, 0xD0, 0x07, 0x02, 0xFD, 0xF8, 0xF4, 0xEF, 0xEA, 0xE6, 0xE2, 0xDF, 0xDB,
    0xD9, 0xD6, 0xD4, 0xD2, 0xD1, 0xD1, 0xD1, 0xD1, 0xD2, 0xD3, 0xD5, 0xD7, 0xDA, 0xDD, 0xE1, 0xE5,
    0xE9, 0xED, 0xF2, 0xF6, 0xFB, 0xD0, 0x00, 0x05, 0x0A, 0x0E, 0x13, 0x17, 0x1B, 0x1F, 0x22, 0x25,
    0x28, 0x2A, 0x2C, 0x2D, 0x2E, 0x2E, 0x2E, 0x2D, 0x2C, 0x2B, 0x29, 0x26, 0x23, 0x20, 0x1C, 0x18,
    0x14, 0x0F, 0x0B, 0x06, 0x01, 0xFC, 0xD0, 0xF7, 0xF3, 0xEE, 0xEA, 0xE6, 0xE2, 0xDE, 0xDB, 0xD8,
    0xD6, 0xD4, 0xD2, 0xD1, 0xD1, 0xD1, 0xD1, 0xD2, 0xD4, 0xD6, 0xD8, 0xDB, 0xDE, 0xE1, 0xE5, 0xEA,
    0xEE, 0xF2, 0xF7, 0xFC, 0x01, 0x06, 0x0A, 0xD0, 0x0F, 0x14, 0x18, 0x1C, 0x1F, 0x23, 0x26, 0x28,
    0x2B, 0x2C, 0x2D, 0x2E, 0x2E, 0x2E, 0x2D, 0x2C, 0x2A, 0x28, 0x25, 0x22, 0x1F, 0x1B, 0x17, 0x13,
    0x0E, 0x0A, 0x05, 0x00, 0xFB, 0xF7, 0xF2, 0xED, 0xD0, 0xE9, 0xE5, 0xE1, 0xDD, 0xDA, 0xD8, 0xD5,
    0xD3, 0xD2, 0xD1, 0xD1, 0xD1, 0xD1, 0xD2, 0xD4, 0xD6, 0xD8, 0xDB, 0xDF, 0xE2, 0xE6, 0xEA, 0xEF,
    0xF3, 0xF8, 0xFD, 0x02, 0x07, 0x0B, 0x10, 0x14, 0x19, 0xD0, 0x1C, 0x20, 0x23, 0x26, 0x29, 0x2B,
    0x2C, 0x2E, 0x2E, 0x2E, 0x2E, 0x2D, 0x2C, 0x2A, 0x28, 0x25, 0x22, 0x1E, 0x1B, 0x16, 0x12, 0x0E,
    0x09, 0x04, 0xFF, 0xFA, 0xF6, 0xF1, 0xEC, 0xE8, 0xE4, 0xE0, 0xD0, 0xDD, 0xDA, 0xD7, 0xD5, 0xD3,
    0xD2, 0xD1, 0xD1, 0xD1, 0xD1, 0xD3, 0xD4, 0xD6, 0xD9, 0xDC, 0xDF, 0xE3, 0xE7, 0xEB, 0xF0, 0xF4,
    0xF9, 0xFE, 0x03, 0x07, 0x0C, 0x11, 0x15, 0x19, 0x1D, 0x21, 0x24, 0xD0, 0x27, 0x29, 0x2B, 0x2D,
    0x2E, 0x2E, 0x2E, 0x2E, 0x2D, 0x2B, 0x2A, 0x27, 0x24, 0x21, 0x1E, 0x1A, 0x16, 0x11, 0x0D, 0x08,
    0x03, 0xFE, 0xFA, 0xF5, 0xF0, 0xEC, 0xE7, 0xE3, 0xE0, 0xDC, 0xD9, 0xD7, 0xD0, 0xD5, 0xD3, 0xD2,
    0xD1, 0xD1, 0xD1, 0xD2, 0xD3, 0xD5, 0xD7, 0xD9, 0xDC, 0xE0, 0xE4, 0xE8, 0xEC, 0xF0, 0xF5, 0xFA,
    0xFF, 0x03, 0x08, 0x0D, 0x12, 0x16, 0x1A, 0x1E, 0x21, 0x25, 0x27, 0x2A, 0x2C, 0xD0, 0x2D, 0x2E,
    0x2E, 0x2E, 0x2E, 0x2D, 0x2B, 0x29, 0x27, 0x24, 0x21, 0x1D, 0x19, 0x15, 0x10, 0x0C, 0x07, 0x02,
    0xFE, 0xF9, 0xF4, 0xEF, 0xEB, 0xE7, 0xE3, 0xDF, 0xDC, 0xD9, 0xD6, 0xD4, 0xD3, 0xD1, 0xFF, 0xFF,
    0xFF, 0xFF, 0xFF, 0xFF, 0xFF, 0xFF, 0xFF, 0xFF, 0xFF, 0xFF, 0xFF, 0xFF, 0xFF, 0xFF, 0xFF, 0xFF,
    0xFF, 0xFF, 0xFF, 0xFF, 0xFF, 0xFF, 0xFF, 0xFF, 0xFF, 0xFF, 0xFF, 0xFF, 0xFF, 0xFF, 0xFF, 0xFF,
    0xFF, 0xFF, 0xFF, 0xFF, 0xFF, 0xFF, 0xFF, 0xFF, 0xFF, 0xFF, 0xFF, 0xFF, 0xFF, 0xFF, 0xFF, 0xFF,
    0xFF, 0xFF, 0xFF, 0xFF, 0xFF, 0xFF, 0xFF, 0xFF, 0xFF, 0xFF, 0xFF, 0xFF, 0xFF, 0xFF, 0xFF, 0xFF,
    0xFF, 0xFF, 0xFF, 0xFF, 0xFF, 0xFF, 0xFF, 0xFF, 0xFF, 0xFF, 0xFF, 0xFF, 0xFF, 0xFF, 0xFF, 0xFF,
    0xFF, 0xFF, 0xFF, 0xFF, 0xFF, 0xFF, 0xFF, 0xFF, 0xFF, 0xFF, 0xFF, 0xFF, 0xFF, 0xFF, 0xFF, 0xFF,
    0xFF, 0xFF, 0xFF, 0xFF, 0xFF, 0xFF, 0xFF, 0xFF, 0xFF, 0xFF, 0xFF, 0xFF, 0xFF, 0xFF, 0xFF, 0xFF,
    0xFF, 0xFF, 0xFF, 0xFF, 0xFF, 0xFF, 0xFF, 0xFF, 0xFF, 0xFF, 0xFF, 0xFF, 0xFF, 0xFF, 0xFF, 0xFF,
    0xFF, 0xFF, 0xFF, 0xFF, 0xFF, 0xFF, 0xFF, 0xFF, 0xFF, 0xFF, 0xFF, 0xFF, 0xFF, 0xFF, 0xFF, 0xFF,
    0xFF, 0xFF, 0xFF, 0xFF, 0xFF, 0xFF, 0xFF, 0xFF, 0xFF, 0xFF, 0xFF, 0xFF, 0xFF, 0xFF, 0xFF, 0xFF,
    0xFF, 0xFF, 0xFF, 0xFF, 0xFF, 0xFF, 0xFF, 0xFF, 0xFF, 0xFF, 0xFF, 0xFF, 0xFF, 0xFF, 0xFF, 0xFF,
    0xFF, 0xFF, 0xFF, 0xFF, 0xFF, 0xFF, 0xFF, 0xFF, 0xFF, 0xFF, 0xFF, 0xFF, 0xFF, 0xFF, 0xFF, 0xFF,
    0xFF, 0xFF, 0xFF, 0xFF, 0xFF, 0xFF, 0xFF, 0xFF, 0xFF, 0xFF, 0xFF, 0xFF, 0xFF, 0xFF, 0xFF, 0xFF,
    0xFF, 0xFF, 0xFF, 0xFF, 0xFF, 0xFF, 0xFF, 0xFF, 0xFF, 0xFF, 0xFF, 0xFF, 0xFF, 0xFF, 0xFF, 0xFF,
    0xFF, 0xFF, 0xFF, 0xFF, 0xFF, 0xFF, 0xFF, 0xFF, 0xFF, 0xFF, 0xFF, 0xFF, 0xFF, 0xFF, 0xFF, 0xFF,
    0xFF, 0xFF, 0xFF, 0xFF, 0xFF, 0xFF, 0xFF, 0xFF, 0xFF, 0xFF, 0xFF, 0xFF, 0xFF, 0xFF, 0xFF, 0xFF,
    0xFF, 0xFF, 0xFF, 0xFF, 0xFF, 0xFF, 0xFF, 0xFF, 0xFF, 0xFF, 0xFF, 0xFF, 0xFF, 0xFF, 0xFF, 0xFF,
    0xFF, 0xFF, 0xFF, 0xFF, 0xFF, 0xFF, 0xFF, 0xFF, 0xFF, 0xFF, 0xFF, 0xFF, 0xFF, 0xFF, 0xFF, 0xFF,
    0xFF, 0xFF, 0xFF, 0xFF, 0xFF, 0xFF, 0xFF, 0xFF, 0xFF, 0xFF, 0xFF, 0xFF, 0xFF, 0xFF, 0xFF, 0xFF,
    0xFF, 0xFF, 0xFF, 0xFF, 0xFF, 0xFF, 0xFF, 0xFF, 0xFF, 0xFF, 0xFF, 0xFF, 0xFF, 0xFF, 0xFF, 0xFF,
    0xFF, 0xFF, 0xFF, 0xFF, 0xFF, 0xFF, 0xFF, 0xFF, 0xFF, 0xFF, 0xFF, 0xFF,
};
APPEND_RODATA static const u8 sVoiceBlob_1[] = {
    0xD0, 0x00, 0x04, 0x0A, 0x0E, 0x12, 0x16, 0x1B, 0x1F, 0x22, 0x25, 0x28, 0x2A, 0x2C, 0x2D, 0x2E,
    0x2E, 0x2E, 0x2E, 0x2D, 0x2B, 0x29, 0x26, 0x23, 0x20, 0x1C, 0x18, 0x14, 0x10, 0x0B, 0x06, 0x02,
    0xFD, 0xD0, 0xF8, 0xF3, 0xEF, 0xEA, 0xE6, 0xE2, 0xDE, 0xDB, 0xD8, 0xD6, 0xD4, 0xD2, 0xD1, 0xD1,
    0xD1, 0xD1, 0xD2, 0xD4, 0xD5, 0xD8, 0xDA, 0xDE, 0xE1, 0xE5, 0xE9, 0xED, 0xF2, 0xF7, 0xFB, 0x00,
    0x05, 0x0A, 0xD0, 0x0F, 0x13, 0x17, 0x1B, 0x1F, 0x23, 0x26, 0x28, 0x2A, 0x2C, 0x2D, 0x2E, 0x2E,
    0x2E, 0x2D, 0x2C, 0x2A, 0x28, 0x26, 0x23, 0x1F, 0x1C, 0x18, 0x13, 0x0F, 0x0A, 0x05, 0x01, 0xFC,
    0xF7, 0xF2, 0xEE, 0xD0, 0xE9, 0xE5, 0xE1, 0xDE, 0xDB, 0xD8, 0xD6, 0xD4, 0xD2, 0xD1, 0xD1, 0xD1,
    0xD1, 0xD2, 0xD4, 0xD6, 0xD8, 0xDB, 0xDE, 0xE2, 0xE6, 0xEA, 0xEE, 0xF3, 0xF8, 0xFC, 0x01, 0x06,
    0x0B, 0x0F, 0x14, 0x18, 0xD0, 0x1C, 0x20, 0x23, 0x26, 0x29, 0x2B, 0x2C, 0x2E, 0x2E, 0x2E, 0x2E,
    0x2D, 0x2C, 0x2A, 0x28, 0x25, 0x22, 0x1F, 0x1B, 0x17, 0x12, 0x0E, 0x09, 0x04, 0x00, 0xFB, 0xF6,
    0xF1, 0xED, 0xE8, 0xE4, 0xE1, 0xD0, 0xDD, 0xDA, 0xD7, 0xD5, 0xD3, 0xD2, 0xD1, 0xD1, 0xD1, 0xD1,
    0xD3, 0xD4, 0xD6, 0xD9, 0xDC, 0xDF, 0xE3, 0xE7, 0xEB, 0xEF, 0xF4, 0xF9, 0xFD, 0x02, 0x07, 0x0C,
    0x10, 0x15, 0x19, 0x1D, 0x21, 0x24, 0xD0, 0x27, 0x29, 0x2B, 0x2D, 0x2E, 0x2E, 0x2E, 0x2E, 0x2D,
    0x2C, 0x2A, 0x27, 0x25, 0x21, 0x1E, 0x1A, 0x16, 0x12, 0x0D, 0x08, 0x04, 0xFF, 0xFA, 0xF5, 0xF0,
    0xEC, 0xE8, 0xE4, 0xE0, 0xDD, 0xDA, 0xD7, 0xD0, 0xD5, 0xD3, 0xD2, 0xD1, 0xD1, 0xD1, 0xD2, 0xD3,
    0xD5, 0xD7, 0xD9, 0xDC, 0xE0, 0xE3, 0xE7, 0xEC, 0xF0, 0xF5, 0xF9, 0xFE, 0x03, 0x08, 0x0D, 0x11,
    0x16, 0x1A, 0x1E, 0x21, 0x24, 0x27, 0x29, 0x2B, 0xD0, 0x2D, 0x2E, 0x2E, 0x2E, 0x2E, 0x2D, 0x2B,
    0x29, 0x27, 0x24, 0x21, 0x1D, 0x19, 0x15, 0x11, 0x0C, 0x07, 0x03, 0xFE, 0xF9, 0xF4, 0xF0, 0xEB,
    0xE7, 0xE3, 0xDF, 0xDC, 0xD9, 0xD6, 0xD4, 0xD3, 0xD1, 0xD0, 0xD1, 0xD1, 0xD1, 0xD2, 0xD3, 0xD5,
    0xD7, 0xDA, 0xDD, 0xE0, 0xE4, 0xE8, 0xEC, 0xF1, 0xF6, 0xFA, 0xFF, 0x04, 0x09, 0x0E, 0x12, 0x16,
    0x1B, 0x1E, 0x22, 0x25, 0x28, 0x2A, 0x2C, 0x2D, 0x2E, 0x2E, 0xD0, 0x2E, 0x2E, 0x2D, 0x2B, 0x29,
    0x26, 0x24, 0x20, 0x1D, 0x19, 0x14, 0x10, 0x0B, 0x07, 0x02, 0xFD, 0xF8, 0xF3, 0xEF, 0xEA, 0xE6,
    0xE2, 0xDE, 0xDB, 0xD8, 0xD6, 0xD4, 0xD2, 0xD1, 0xD1, 0xD0, 0xD1, 0xD0, 0xD2, 0xD3, 0xD5, 0xD7,
    0xDA, 0xDD, 0xE1, 0xE5, 0xE9, 0xED, 0xF2, 0xF6, 0xFB, 0x00, 0x05, 0x0A, 0x0E, 0x13, 0x17, 0x1B,
    0x1F, 0x22, 0x25, 0x28, 0x2A, 0x2C, 0x2D, 0x2E, 0x2F, 0x2E, 0x2E, 0x2D, 0xD0, 0x2B, 0x29, 0x26,
    0x23, 0x20, 0x1C, 0x18, 0x14, 0x0F, 0x0B, 0x06, 0x01, 0xFC, 0xF8, 0xF3, 0xEE, 0xEA, 0xE6, 0xE2,
    0xDE, 0xDB, 0xD8, 0xD6, 0xD4, 0xD2, 0xD1, 0xD1, 0xD1, 0xD1, 0xD2, 0xD4, 0xD6, 0xD0, 0xD8, 0xDB,
    0xDE, 0xE1, 0xE5, 0xE9, 0xEE, 0xF2, 0xF7, 0xFC, 0x01, 0x05, 0x0A, 0x0F, 0x13, 0x18, 0x1C, 0x1F,
    0x23, 0x26, 0x28, 0x2A, 0x2C, 0x2D, 0x2E, 0x2E, 0x2E, 0x2D, 0x2C, 0x2A, 0x28, 0x25, 0xD0, 0x22,
    0x1F, 0x1B, 0x17, 0x13, 0x0E, 0x09, 0x05, 0x00, 0xFB, 0xF6, 0xF2, 0xED, 0xE9, 0xE5, 0xE1, 0xDD,
    0xDA, 0xD8, 0xD5, 0xD4, 0xD2, 0xD1, 0xD1, 0xD1, 0xD2, 0xD3, 0xD4, 0xD6, 0xD9, 0xDC, 0xDF, 0xD0,
    0xE3, 0xE7, 0xEB, 0xEF, 0xF4, 0xF9, 0xFE, 0x02, 0x07, 0x0C, 0x11, 0x15, 0x19, 0x1D, 0x21, 0x24,
    0x27, 0x29, 0x2B, 0x2D, 0x2E, 0x2F, 0x2F, 0x2E, 0x2D, 0x2C, 0x2A, 0x28, 0x25, 0x22, 0x1E, 0x1A,
    0xD0, 0x16, 0x12, 0x0D, 0x08, 0x04, 0xFF, 0xFA, 0xF5, 0xF0, 0xEC, 0xE7, 0xE3, 0xDF, 0xDC, 0xD9,
    0xD6, 0xD4, 0xD2, 0xD1, 0xD0, 0xD0, 0xD0, 0xD1, 0xD2, 0xD4, 0xD6, 0xD8, 0xDB, 0xDF, 0xE3, 0xE7,
    0xEB, 0xD0, 0xEF, 0xF4, 0xF9, 0xFE, 0x03, 0x08, 0x0D, 0x11, 0x16, 0x1A, 0x1E, 0x22, 0x25, 0x28,
    0x2A, 0x2C, 0x2E, 0x2F, 0x2F, 0x2F, 0x2F, 0x2E, 0x2C, 0x2A, 0x28, 0x25, 0x22, 0x1E, 0x1A, 0x16,
    0x12, 0x0D, 0xD0, 0x08, 0x03, 0xFF, 0xFA, 0xF5, 0xF0, 0xEB, 0xE7, 0xE3, 0xDF, 0xDC, 0xD9, 0xD6,
    0xD4, 0xD2, 0xD1, 0xD0, 0xD0, 0xD0, 0xD1, 0xD2, 0xD4, 0xD6, 0xD9, 0xDC, 0xDF, 0xE3, 0xE7, 0xEB,
    0xF0, 0xF5, 0xF9, 0xD0, 0xFE, 0x03, 0x08, 0x0D, 0x11, 0x16, 0x1A, 0x1E, 0x22, 0x25, 0x28, 0x2A,
    0x2C, 0x2E, 0x2E, 0x2F, 0x2F, 0x2E, 0x2D, 0x2C, 0x2A, 0x27, 0x25, 0x21, 0x1E, 0x1A, 0x15, 0x11,
    0x0C, 0x08, 0x03, 0xFE, 0xD0, 0xF9, 0xF4, 0xEF, 0xEB, 0xE7, 0xE3, 0xDF, 0xDB, 0xD8, 0xD6, 0xD4,
    0xD2, 0xD1, 0xD0, 0xD0, 0xD0, 0xD1, 0xD3, 0xD4, 0xD7, 0xD9, 0xDC, 0xE0, 0xE4, 0xE8, 0xEC, 0xF1,
    0xF5, 0xFA, 0xFF, 0x04, 0x09, 0xD0, 0x0E, 0x12, 0x17, 0x1B, 0x1F, 0x22, 0x25, 0x28, 0x2A, 0x2C,
    0x2D, 0x2E, 0x2F, 0x2F, 0x2E, 0x2D, 0x2B, 0x29, 0x27, 0x24, 0x20, 0x1D, 0x19, 0x15, 0x10, 0x0B,
    0x07, 0x02, 0xFD, 0xF8, 0xF3, 0xEF, 0xD0, 0xEA, 0xE6, 0xE2, 0xDE, 0xDB, 0xD8, 0xD6, 0xD4, 0xD2,
    0xD1, 0xD1, 0xD1, 0xD1, 0xD2, 0xD3, 0xD5, 0xD8, 0xDA, 0xDE, 0xE1, 0xE5, 0xE9, 0xED, 0xF2, 0xF7,
    0xFC, 0x00, 0x05, 0x0A, 0x0F, 0x13, 0x17, 0xD0, 0x1B, 0x1F, 0x23, 0x26, 0x28, 0x2A, 0x2C, 0x2D,
    0x2E, 0x2E, 0x2E, 0x2D, 0x2C, 0x2A, 0x28, 0x26, 0x23, 0x1F, 0x1C, 0x17, 0x13, 0x0F, 0x0A, 0x05,
    0x00, 0xFC, 0xF7, 0xF2, 0xEE, 0xE9, 0xE5, 0xE1, 0xD0, 0xDE, 0xDA, 0xD8, 0xD5, 0xD3, 0xD2, 0xD1,
    0xD1, 0xD1, 0xD1, 0xD2, 0xD4, 0xD6, 0xD8, 0xDB, 0xDE, 0xE2, 0xE6, 0xEA, 0xEF, 0xF3, 0xF8, 0xFD,
    0x02, 0x06, 0x0B, 0x10, 0x14, 0x18, 0x1C, 0x20, 0x23, 0xD0, 0x26, 0x29, 0x2B, 0x2C, 0x2E, 0x2E,
    0x2E, 0x2E, 0x2D, 0x2C, 0x2A, 0x28, 0x25, 0x22, 0x1E, 0x1B, 0x17, 0x12, 0x0E, 0x09, 0x04, 0xFF,
    0xFB, 0xF6, 0xF1, 0xED, 0xE8, 0xE4, 0xE0, 0xDD, 0xDA, 0xD7, 0xD0, 0xD5, 0xD3, 0xD2, 0xD1, 0xD1,
    0xD1, 0xD1, 0xD3, 0xD4, 0xD6, 0xD9, 0xDC, 0xDF, 0xE3, 0xE7, 0xEB, 0xEF, 0xF4, 0xF9, 0xFE, 0x02,
    0x07, 0x0C, 0x11, 0x15, 0x19, 0x1D, 0x21, 0x24, 0x27, 0x29, 0x2B, 0xD0, 0x2D, 0x2E, 0x2E, 0x2E,
    0x2E, 0x2D, 0x2C, 0x2A, 0x27, 0x24, 0x21, 0x1E, 0x1A, 0x16, 0x11, 0x0D, 0x08, 0x03, 0xFF, 0xFA,
    0xF5, 0xF0, 0xEC, 0xE7, 0xE3, 0xE0, 0xDC, 0xD9, 0xD7, 0xD5, 0xD3, 0xD2, 0xD0, 0xD1, 0xD1, 0xD1,
    0xD2, 0xD3, 0xD5, 0xD7, 0xD9, 0xDC, 0xE0, 0xE3, 0xE8, 0xEC, 0xF0, 0xF5, 0xFA, 0xFF, 0x03, 0x08,
    0x0D, 0x11, 0x16, 0x1A, 0x1E, 0x21, 0x24, 0x27, 0x2A, 0x2C, 0x2D, 0x2E, 0x2E, 0xD0, 0x2E, 0x2E,
    0x2D, 0x2B, 0x29, 0x27, 0x24, 0x21, 0x1D, 0x19, 0x15, 0x11, 0x0C, 0x07, 0x02, 0xFE, 0xF9, 0xF4,
    0xEF, 0xEB, 0xE7, 0xE3, 0xDF, 0xDC, 0xD9, 0xD6, 0xD4, 0xD3, 0xD1, 0xD1, 0xD1, 0xD1, 0xD0, 0xD2,
    0xD3, 0xD5, 0xD7, 0xDA, 0xDD, 0xE0, 0xE4, 0xE8, 0xED, 0xF1, 0xF6, 0xFB, 0xFF, 0x04, 0x09, 0x0E,
    0x12, 0x17, 0x1B, 0x1E, 0x22, 0x25, 0x28, 0x2A, 0x2C, 0x2D, 0x2E, 0x2E, 0x2E, 0x2E, 0x2C, 0xD0,
    0x2B, 0x29, 0x26, 0x23, 0x20, 0x1C, 0x18, 0x14, 0x10, 0x0B, 0x06, 0x02, 0xFD, 0xF8, 0xF3, 0xEF,
    0xEA, 0xE6, 0xE2, 0xDE, 0xDB, 0xD8, 0xD6, 0xD4, 0xD2, 0xD1, 0xD1, 0xD1, 0xD1, 0xD2, 0xD3, 0xD5,
    0xD0, 0xD8, 0xDA, 0xDE, 0xE1, 0xE5, 0xE9, 0xED, 0xF2, 0xF7, 0xFB, 0x00, 0x05, 0x0A, 0x0F, 0x13,
    0x17, 0x1B, 0x1F, 0x23, 0x26, 0x28, 0x2A, 0x2C, 0x2D, 0x2E, 0x2E, 0x2E, 0x2D, 0x2C, 0x2B, 0x28,
    0x26, 0xD0, 0x23, 0x1F, 0x1C, 0x18, 0x13, 0x0F, 0x0A, 0x06, 0x01, 0xFC, 0xF7, 0xF2, 0xEE, 0xE9,
    0xE5, 0xE1, 0xDE, 0xDB, 0xD8, 0xD5, 0xD4, 0xD2, 0xD1, 0xD1, 0xD1, 0xD1, 0xD2, 0xD4, 0xD6, 0xD8,
    0xDB, 0xDE, 0xD0, 0xE2, 0xE6, 0xEA, 0xEE, 0xF3, 0xF8, 0xFC, 0x01, 0x06, 0x0B, 0x0F, 0x14, 0x18,
    0x1C, 0x20, 0x23, 0x26, 0x29, 0x2B, 0x2C, 0x2E, 0x2E, 0x2E, 0x2E, 0x2D, 0x2C, 0x2A, 0x28, 0x25,
    0x22, 0x1F, 0x1B, 0xD0, 0x17, 0x13, 0x0E, 0x09, 0x05, 0x00, 0xFB, 0xF6, 0xF1, 0xED, 0xE9, 0xE4,
    0xE1, 0xDD, 0xDA, 0xD7, 0xD5, 0xD3, 0xD2, 0xD1, 0xD1, 0xD1, 0xD1, 0xD2, 0xD4, 0xD6, 0xD9, 0xDC,
    0xDF, 0xE2, 0xE6, 0xEB, 0xD0, 0xEF, 0xF4, 0xF8, 0xFD, 0x02, 0x07, 0x0C, 0x10, 0x15, 0x19, 0x1D,
    0x20, 0x24, 0x27, 0x29, 0x2B, 0x2D, 0x2E, 0x2E, 0x2E, 0x2E, 0x2D, 0x2C, 0x2A, 0x27, 0x25, 0x22,
    0x1E, 0x1A, 0x16, 0x12, 0x0D, 0xD0, 0x08, 0x04, 0xFF, 0xFA, 0xF5, 0xF1, 0xEC, 0xE8, 0xE4, 0xE0,
    0xDD, 0xDA, 0xD7, 0xD5, 0xD3, 0xD2, 0xD1, 0xD1, 0xD1, 0xD2, 0xD3, 0xD4, 0xD7, 0xD9, 0xDC, 0xE0,
    0xE3, 0xE7, 0xEB, 0xF0, 0xF5, 0xF9, 0xD0, 0xFE, 0x03, 0x08, 0x0D, 0x11, 0x15, 0x1A, 0x1E, 0x21,
    0x24, 0x27, 0x29, 0x2B, 0x2D, 0x2E, 0x2E, 0x2E, 0x2E, 0x2D, 0x2B, 0x29, 0x27, 0x24, 0x21, 0x1D,
    0x19, 0x15, 0x11, 0x0C, 0x08, 0x03, 0xFE, 0xD0, 0xF9, 0xF4, 0xF0, 0xEB, 0xE7, 0xE3, 0xDF, 0xDC,
    0xD9, 0xD6, 0xD4, 0xD3, 0xD2, 0xD1, 0xD1, 0xD1, 0xD2, 0xD3, 0xD5, 0xD7, 0xDA, 0xDD, 0xE0, 0xE4,
    0xE8, 0xEC, 0xF1, 0xF5, 0xFA, 0xFF, 0x04, 0x09, 0xD0, 0x0D, 0x12, 0x16, 0x1A, 0x1E, 0x22, 0x25,
    0x28, 0x2A, 0x2C, 0x2D, 0x2E, 0x2E, 0x2E, 0x2E, 0x2D, 0x2B, 0x29, 0x26, 0x24, 0x20, 0x1D, 0x19,
    0x14, 0x10, 0x0B, 0x07, 0x02, 0xFD, 0xF8, 0xF3, 0xEF, 0xD0, 0xEA, 0xE6, 0xE2, 0xDF, 0xDB, 0xD9,
    0xD6, 0xD4, 0xD2, 0xD1, 0xD1, 0xD1, 0xD1, 0xD2, 0xD3, 0xD5, 0xD7, 0xDA, 0xDD, 0xE1, 0xE5, 0xE9,
    0xED, 0xF2, 0xF6, 0xFB, 0x00, 0x05, 0x0A, 0x0E, 0x13, 0x17, 0xD0, 0x1B, 0x1F, 0x22, 0x25, 0x28,
    0x2A, 0x2C, 0x2D, 0x2E, 0x2E, 0x2E, 0x2D, 0x2C, 0x2B, 0x29, 0x26, 0x23, 0x20, 0x1C, 0x18, 0x14,
    0x0F, 0x0B, 0x06, 0x01, 0xFC, 0xF7, 0xF3, 0xEE, 0xEA, 0xE6, 0xE2, 0xD0, 0xDE, 0xDB, 0xD8, 0xD6,
    0xD4, 0xD2, 0xD1, 0xD1, 0xD1, 0xD1, 0xD2, 0xD4, 0xD6, 0xD8, 0xDB, 0xDE, 0xE2, 0xE5, 0xEA, 0xEE,
    0xF3, 0xF7, 0xFC, 0x01, 0x06, 0x0A, 0x0F, 0x14, 0x18, 0x1C, 0x20, 0x23, 0xD0, 0x26, 0x28, 0x2B,
    0x2C, 0x2D, 0x2E, 0x2E, 0x2E, 0x2D, 0x2C, 0x2A, 0x28, 0x25, 0x22, 0x1F, 0x1B, 0x17, 0x13, 0x0E,
    0x0A, 0x05, 0x00, 0xFB, 0xF6, 0xF2, 0xED, 0xE9, 0xE5, 0xE1, 0xDD, 0xDA, 0xD8, 0xD0, 0xD5, 0xD3,
    0xD2, 0xD1, 0xD1, 0xD1, 0xD1, 0xD2, 0xD4, 0xD6, 0xD8, 0xDB, 0xDF, 0xE2, 0xE6, 0xEA, 0xEF, 0xF3,
    0xF8, 0xFD, 0x02, 0x07, 0x0B, 0x10, 0x14, 0x19, 0x1D, 0x20, 0x23, 0x26, 0x29, 0x2B, 0xD0, 0x2D,
    0x2E, 0x2E, 0x2E, 0x2E, 0x2D, 0x2C, 0x2A, 0x28, 0x25, 0x22, 0x1E, 0x1A, 0x16, 0x12, 0x0D, 0x09,
    0x04, 0xFF, 0xFA, 0xF6, 0xF1, 0xEC, 0xE8, 0xE4, 0xE0, 0xDD, 0xDA, 0xD7, 0xD5, 0xD3, 0xD2, 0xD0,
    0xD1, 0xD1, 0xD1, 0xD2, 0xD3, 0xD4, 0xD6, 0xD9, 0xDC, 0xDF, 0xE3, 0xE7, 0xEB, 0xF0, 0xF4, 0xF9,
    0xFE, 0x03, 0x08, 0x0C, 0x11, 0x15, 0x19, 0x1D, 0x21, 0x24, 0x27, 0x29, 0x2B, 0x2D, 0x2E, 0x2E,
    0xD0, 0x2E, 0x2E, 0x2D, 0x2B, 0x29, 0x27, 0x24, 0x21, 0x1E, 0x1A, 0x16, 0x11, 0x0D, 0x08, 0x03,
    0xFE, 0xF9, 0xF5, 0xF0, 0xEC, 0xE7, 0xE3, 0xE0, 0xDC, 0xD9, 0xD7, 0xD4, 0xD3, 0xD2, 0xD1, 0xD1,
    0xD1, 0xD0, 0xD2, 0xD3, 0xD5, 0xD7, 0xDA, 0xDD, 0xE0, 0xE4, 0xE8, 0xEC, 0xF1, 0xF5, 0xFA, 0xFF,
    0x04, 0x08, 0x0D, 0x12, 0x16, 0x1A, 0x1E, 0x21, 0x25, 0x27, 0x2A, 0x2C, 0x2D, 0x2E, 0x2E, 0x2E,
    0x2E, 0x2D, 0xD0, 0x2B, 0x29, 0x27, 0x24, 0x20, 0x1D, 0x19, 0x15, 0x10, 0x0C, 0x07, 0x02, 0xFD,
    0xF9, 0xF4, 0xEF, 0xEB, 0xE7, 0xE3, 0xDF, 0xDC, 0xD9, 0xD6, 0xD4, 0xD3, 0xD1, 0xD1, 0xD1, 0xD1,
    0xD2, 0xD3, 0xD5, 0xD0, 0xD7, 0xDA, 0xDD, 0xE1, 0xE4, 0xE8, 0xED, 0xF1, 0xF6, 0xFB, 0x00, 0x04,
    0x09, 0x0E, 0x12, 0x17, 0x1B, 0x1F, 0x22, 0x25, 0x28, 0x2A, 0x2C, 0x2D, 0x2E, 0x2E, 0x2E, 0x2E,
    0x2C, 0x2B, 0x29, 0x26, 0xD0, 0x23, 0x20, 0x1C, 0x18, 0x14, 0x10, 0x0B, 0x06, 0x01, 0xFC, 0xF8,
    0xF3, 0xEE, 0xEA, 0xE6, 0xE2, 0xDE, 0xDB, 0xD8, 0xD6, 0xD4, 0xD2, 0xD1, 0xD1, 0xD1, 0xD1, 0xD2,
    0xD4, 0xD5, 0xD8, 0xDB, 0xDE, 0xD0, 0xE1, 0xE5, 0xE9, 0xEE, 0xF2, 0xF7, 0xFC, 0x01, 0x05, 0x0A,
    0x0F, 0x13, 0x18, 0x1C, 0x1F, 0x23, 0x26, 0x28, 0x2A, 0x2C, 0x2D, 0x2E, 0x2E, 0x2E, 0x2D, 0x2C,
    0x2A, 0x28, 0x26, 0x23, 0x1F, 0x1B, 0xD0, 0x17, 0x13, 0x0F, 0x0A, 0x05, 0x00, 0xFC, 0xF7, 0xF2,
    0xEE, 0xE9, 0xE5, 0xE1, 0xDE, 0xDA, 0xD8, 0xD5, 0xD3, 0xD2, 0xD1, 0xD1, 0xD1, 0xD1, 0xD2, 0xD4,
    0xD6, 0xD8, 0xDB, 0xDE, 0xE2, 0xE6, 0xEA, 0xD0, 0xEF, 0xF3, 0xF8, 0xFD, 0x01, 0x06, 0x0B, 0x10,
    0x14, 0x18, 0x1C, 0x20, 0x23, 0x26, 0x29, 0x2B, 0x2C, 0x2E, 0x2E, 0x2E, 0x2E, 0x2D, 0x2C, 0x2A,
    0x28, 0x25, 0x22, 0x1F, 0x1B, 0x17, 0x12, 0x0E, 0xD0, 0x09, 0x04, 0xFF, 0xFB, 0xF6, 0xF1, 0xED,
    0xE8, 0xE4, 0xE0, 0xDD, 0xDA, 0xD7, 0xD5, 0xD3, 0xD2, 0xD1, 0xD1, 0xD1, 0xD1, 0xD3, 0xD4, 0xD6,
    0xD9, 0xDC, 0xDF, 0xE3, 0xE7, 0xEB, 0xEF, 0xF4, 0xF9, 0xD0, 0xFE, 0x02, 0x07, 0x0C, 0x11, 0x15,
    0x19, 0x1D, 0x21, 0x24, 0x27, 0x29, 0x2B, 0x2D, 0x2E, 0x2E, 0x2E, 0x2E, 0x2D, 0x2C, 0x2A, 0x27,
    0x25, 0x21, 0x1E, 0x1A, 0x16, 0x11, 0x0D, 0x08, 0x03, 0xFF, 0xD0, 0xFA, 0xF5, 0xF0, 0xEC, 0xE8,
    0xE4, 0xE0, 0xDC, 0xD9, 0xD7, 0xD5, 0xD3, 0xD2, 0xD1, 0xD1, 0xD1, 0xD2, 0xD3, 0xD5, 0xD7, 0xD9,
    0xDC, 0xE0, 0xE3, 0xE7, 0xEC, 0xF0, 0xF5, 0xFA, 0xFE, 0x03, 0x08, 0xD0, 0x0D, 0x11, 0x16, 0x1A,
    0x1E, 0x21, 0x24, 0x27, 0x2A, 0x2B, 0x2D, 0x2E, 0x2E, 0x2E, 0x2E, 0x2D, 0x2B, 0x29, 0x27, 0x24,
    0x21, 0x1D, 0x19, 0x15, 0x11, 0x0C, 0x07, 0x03, 0xFE, 0xF9, 0xF4, 0xEF, 0xD0, 0xEB, 0xE7, 0xE3,
    0xDF, 0xDC, 0xD9, 0xD6, 0xD4, 0xD3, 0xD1, 0xD1, 0xD1, 0xD1, 0xD2, 0xD3, 0xD5, 0xD7, 0xDA, 0xDD,
    0xE0, 0xE4, 0xE8, 0xED, 0xF1, 0xF6, 0xFB, 0xFF, 0x04, 0x09, 0x0E, 0x12, 0x17, 0xD0, 0x1B, 0x1E,
    0x22, 0x25, 0x28, 0x2A, 0x2C, 0x2D, 0x2E, 0x2E, 0x2E, 0x2E, 0x2C, 0x2B, 0x29, 0x26, 0x23, 0x20,
    0x1C, 0x18, 0x14, 0x10, 0x0B, 0x06, 0x02, 0xFD, 0xF8, 0xF3, 0xEF, 0xEA, 0xE6, 0xE2, 0xD0, 0xDE,
    0xDB, 0xD8, 0xD6, 0xD4, 0xD2, 0xD1, 0xD1, 0xD1, 0xD1, 0xD2, 0xD3, 0xD5, 0xD8, 0xDA, 0xDE, 0xE1,
    0xE5, 0xE9, 0xED, 0xF2, 0xF7, 0xFB, 0x00, 0x05, 0x0A, 0x0E, 0x13, 0x17, 0x1B, 0x1F, 0x22, 0xD0,
    0x26, 0x28, 0x2A, 0x2C, 0x2D, 0x2E, 0x2E, 0x2E, 0x2D, 0x2C, 0x2B, 0x28, 0x26, 0x23, 0x1F, 0x1C,
    0x18, 0x13, 0x0F, 0x0A, 0x06, 0x01, 0xFC, 0xF7, 0xF2, 0xEE, 0xE9, 0xE5, 0xE1, 0xDE, 0xDB, 0xD8,
    0xD0, 0xD6, 0xD4, 0xD2, 0xD1, 0xD1, 0xD1, 0xD1, 0xD2, 0xD4, 0xD6, 0xD8, 0xDB, 0xDE, 0xE2, 0xE6,
    0xEA, 0xEE, 0xF3, 0xF7, 0xFC, 0x01, 0x06, 0x0B, 0x0F, 0x14, 0x18, 0x1C, 0x20, 0x23, 0x26, 0x29,
    0x2B, 0xD0, 0x2C, 0x2E, 0x2E, 0x2E, 0x2E, 0x2D, 0x2C, 0x2A, 0x28, 0x25, 0x22, 0x1F, 0x1B, 0x17,
    0x13, 0x0E, 0x09, 0x05, 0x00, 0xFB, 0xF6, 0xF2, 0xED, 0xE9, 0xE5, 0xE1, 0xDD, 0xDA, 0xD7, 0xD5,
    0xD3, 0xD2, 0xD0, 0xD1, 0xD1, 0xD1, 0xD1, 0xD2, 0xD4, 0xD6, 0xD9, 0xDB, 0xDF, 0xE2, 0xE6, 0xEB,
    0xEF, 0xF4, 0xF8, 0xFD, 0x02, 0x07, 0x0C, 0x10, 0x15, 0x19, 0x1D, 0x20, 0x24, 0x27, 0x29, 0x2B,
    0x2D, 0x2E, 0x2E, 0xD0, 0x2E, 0x2E, 0x2D, 0x2C, 0x2A, 0x27, 0x25, 0x22, 0x1E, 0x1A, 0x16, 0x12,
    0x0D, 0x09, 0x04, 0xFF, 0xFA, 0xF5, 0xF1, 0xEC, 0xE8, 0xE4, 0xE0, 0xDD, 0xDA, 0xD7, 0xD5, 0xD3,
    0xD2, 0xD1, 0xD1, 0xD1, 0xD0, 0xD2, 0xD3, 0xD4, 0xD7, 0xD9, 0xDC, 0xDF, 0xE3, 0xE7, 0xEB, 0xF0,
    0xF5, 0xF9, 0xFE, 0x03, 0x08, 0x0C, 0x11, 0x15, 0x1A, 0x1D, 0x21, 0x24, 0x27, 0x29, 0x2B, 0x2D,
    0x2E, 0x2E, 0x2E, 0x2E, 0x2D, 0xD0, 0x2B, 0x29, 0x27, 0x24, 0x21, 0x1D, 0x1A, 0x15, 0x11, 0x0C,
    0x08, 0x03, 0xFE, 0xF9, 0xF4, 0xF0, 0xEB, 0xE7, 0xE3, 0xDF, 0xDC, 0xD9, 0xD6, 0xD4, 0xD3, 0xD2,
    0xD1, 0xD1, 0xD1, 0xD2, 0xD3, 0xD5, 0xD0, 0xD7, 0xDA, 0xDD, 0xE0, 0xE4, 0xE8, 0xEC, 0xF1, 0xF5,
    0xFA, 0xFF, 0x04, 0x09, 0x0D, 0x12, 0x16, 0x1A, 0x1E, 0x22, 0x25, 0x28, 0x2A, 0x2C, 0x2D, 0x2E,
    0x2E, 0x2E, 0x2E, 0x2D, 0x2B, 0x29, 0x26, 0xD0, 0x24, 0x20, 0x1D, 0x19, 0x15, 0x10, 0x0C, 0x07,
    0x02, 0xFD, 0xF8, 0xF4, 0xEF, 0xEB, 0xE6, 0xE2, 0xDF, 0xDB, 0xD9, 0xD6, 0xD4, 0xD2, 0xD1, 0xD1,
    0xD1, 0xD1, 0xD2, 0xD3, 0xD5, 0xD7, 0xDA, 0xDD, 0xD0, 0xE1, 0xE5, 0xE9, 0xED, 0xF2, 0xF6, 0xFB,
    0x00, 0x05, 0x0A, 0x0E, 0x13, 0x17, 0x1B, 0x1F, 0x22, 0x25, 0x28, 0x2A, 0x2C, 0x2D, 0x2E, 0x2E,
    0x2E, 0x2E, 0x2C, 0x2B, 0x29, 0x26, 0x23, 0x20, 0x1C, 0xD0, 0x18, 0x14, 0x0F, 0x0B, 0x06, 0x01,
    0xFC, 0xF7, 0xF3, 0xEE, 0xEA, 0xE6, 0xE2, 0xDE, 0xDB, 0xD8, 0xD6, 0xD4, 0xD2, 0xD1, 0xD1, 0xD1,
    0xD1, 0xD2, 0xD4, 0xD6, 0xD8, 0xDB, 0xDE, 0xE1, 0xE5, 0xEA, 0xD0, 0xEE, 0xF2, 0xF7, 0xFC, 0x01,
    0x06, 0x0A, 0x0F, 0x14, 0x18, 0x1C, 0x1F, 0x23, 0x26, 0x28, 0x2B, 0x2C, 0x2D, 0x2E, 0x2E, 0x2E,
    0x2D, 0x2C, 0x2A, 0x28, 0x25, 0x22, 0x1F, 0x1B, 0x17, 0x13, 0x0E, 0xD0, 0x0A, 0x05, 0x00, 0xFB,
    0xF7, 0xF2, 0xED, 0xE9, 0xE5, 0xE1, 0xDD, 0xDA, 0xD8, 0xD5, 0xD3, 0xD2, 0xD1, 0xD1, 0xD1, 0xD1,
    0xD2, 0xD4, 0xD6, 0xD8, 0xDB, 0xDF, 0xE2, 0xE6, 0xEA, 0xEF, 0xF3, 0xF8, 0xD0, 0xFD, 0x02, 0x07,
    0x0B, 0x10, 0x14, 0x19, 0x1C, 0x20, 0x23, 0x26, 0x29, 0x2B, 0x2C, 0x2E, 0x2E, 0x2E, 0x2E, 0x2D,
    0x2C, 0x2A, 0x28, 0x25, 0x22, 0x1E, 0x1B, 0x16, 0x12, 0x0E, 0x09, 0x04, 0xFF, 0xD0, 0xFA, 0xF6,
    0xF1, 0xEC, 0xE8, 0xE4, 0xE0, 0xDD, 0xDA, 0xD7, 0xD5, 0xD3, 0xD2, 0xD1, 0xD1, 0xD1, 0xD1, 0xD3,
    0xD4, 0xD6, 0xD9, 0xDC, 0xDF, 0xE3, 0xE7, 0xEB, 0xF0, 0xF4, 0xF9, 0xFE, 0x03, 0x07, 0xD0, 0x0C,
    0x11, 0x15, 0x19, 0x1D, 0x21, 0x24, 0x27, 0x29, 0x2B, 0x2D, 0x2E, 0x2E, 0x2E, 0x2E, 0x2D, 0x2B,
    0x2A, 0x27, 0x24, 0x21, 0x1E, 0x1A, 0x16, 0x11, 0x0D, 0x08, 0x03, 0xFE, 0xFA, 0xF5, 0xF0, 0xD0,
    0xEC, 0xE7, 0xE3, 0xE0, 0xDC, 0xD9, 0xD7, 0xD5, 0xD3, 0xD2, 0xD1, 0xD1, 0xD1, 0xD2, 0xD3, 0xD5,
    0xD7, 0xD9, 0xDC, 0xE0, 0xE4, 0xE8, 0xEC, 0xF0, 0xF5, 0xFA, 0xFF, 0x03, 0x08, 0x0D, 0x12, 0x16,
    0xD0, 0x1A, 0x1E, 0x21, 0x25, 0x27, 0x2A, 0x2C, 0x2D, 0x2E, 0x2E, 0x2E, 0x2E, 0x2D, 0x2B, 0x29,
    0x27, 0x24, 0x21, 0x1D, 0x19, 0x15, 0x10, 0x0C, 0x07, 0x02, 0xFD, 0xF9, 0xF4, 0xEF, 0xEB, 0xE7,
    0xE3, 0xD0, 0xDF, 0xDC, 0xD9, 0xD6, 0xD4, 0xD3, 0xD1, 0xD1, 0xD1, 0xD1, 0xD2, 0xD3, 0xD5, 0xD7,
    0xDA, 0xDD, 0xE1, 0xE4, 0xE8, 0xED, 0xF1, 0xF6, 0xFB, 0x00, 0x04, 0x09, 0x0E, 0x12, 0x17, 0x1B,
    0x1F, 0x22, 0xD0, 0x25, 0x28, 0x2A, 0x2C, 0x2D, 0x2E, 0x2E, 0x2E, 0x2E, 0x2C, 0x2B, 0x29, 0x26,
    0x23, 0x20, 0x1C, 0x18, 0x14, 0x10, 0x0B, 0x06, 0x01, 0xFD, 0xF8, 0xF3, 0xEE, 0xEA, 0xE6, 0xE2,
    0xDE, 0xDB, 0xD8, 0xD0, 0xD6, 0xD4, 0xD2, 0xD1, 0xD1, 0xD1, 0xD1, 0xD2, 0xD3, 0xD5, 0xD8, 0xDA,
    0xDE, 0xE1, 0xE5, 0xE9, 0xEE, 0xF2, 0xF7, 0xFC, 0x00, 0x05, 0x0A, 0x0F, 0x13, 0x17, 0x1C, 0x1F,
    0x23, 0x26, 0x28, 0x2A, 0xD0, 0x2C, 0x2D, 0x2E, 0x2E, 0x2E, 0x2D, 0x2C, 0x2A, 0x28, 0x26, 0x23,
    0x1F, 0x1C, 0x18, 0x13, 0x0F, 0x0A, 0x05, 0x01, 0xFC, 0xF7, 0xF2, 0xEE, 0xE9, 0xE5, 0xE1, 0xDE,
    0xDB, 0xD8, 0xD5, 0xD3, 0xD2, 0xD0, 0xD1, 0xD1, 0xD1, 0xD1, 0xD2, 0xD4, 0xD6, 0xD8, 0xDB, 0xDE,
    0xE2, 0xE6, 0xEA, 0xEE, 0xF3, 0xF8, 0xFD, 0x01, 0x06, 0x0B, 0x10, 0x14, 0x18, 0x1C, 0x20, 0x23,
    0x26, 0x29, 0x2B, 0x2C, 0x2E, 0x2E, 0xD0, 0x2E, 0x2E, 0x2D, 0x2C, 0x2A, 0x28, 0x25, 0x22, 0x1F,
    0x1B, 0x17, 0x12, 0x0E, 0x09, 0x04, 0x00, 0xFB, 0xF6, 0xF1, 0xED, 0xE8, 0xE4, 0xE1, 0xDD, 0xDA,
    0xD7, 0xD5, 0xD3, 0xD2, 0xD1, 0xD1, 0xD1, 0xD0, 0xD1, 0xD3, 0xD4, 0xD6, 0xD9, 0xDC, 0xDF, 0xE3,
    0xE7, 0xEB, 0xEF, 0xF4, 0xF9, 0xFD, 0x02, 0x07, 0x0C, 0x10, 0x15, 0x19, 0x1D, 0x21, 0x24, 0x27,
    0x29, 0x2B, 0x2D, 0x2E, 0x2E, 0x2E, 0x2E, 0x2D, 0xD0, 0x2C, 0x2A, 0x27, 0x25, 0x21, 0x1E, 0x1A,
    0x16, 0x12, 0x0D, 0x08, 0x04, 0xFF, 0xFA, 0xF5, 0xF0, 0xEC, 0xE8, 0xE4, 0xE0, 0xDC, 0xD9, 0xD7,
    0xD5, 0xD3, 0xD2, 0xD1, 0xD1, 0xD1, 0xD2, 0xD3, 0xD4, 0xD0, 0xD7, 0xD9, 0xDC, 0xE0, 0xE3, 0xE7,
    0xEC, 0xF0, 0xF5, 0xFA, 0xFE, 0x03, 0x08, 0x0D, 0x11, 0x16, 0x1A, 0x1E, 0x21, 0x24, 0x27, 0x2A,
    0x2B, 0x2D, 0x2E, 0x2E, 0x2E, 0x2E, 0x2D, 0x2B, 0x29, 0x27, 0xD0, 0x24, 0x21, 0x1D, 0x19, 0x15,
    0x11, 0x0C, 0x07, 0x03, 0xFE, 0xF9, 0xF4, 0xF0, 0xEB, 0xE7, 0xE3, 0xDF, 0xDC, 0xD9, 0xD6, 0xD4,
    0xD3, 0xD1, 0xD1, 0xD1, 0xD1, 0xD2, 0xD3, 0xD5, 0xD7, 0xDA, 0xDD, 0xD0, 0xE0, 0xE4, 0xE8, 0xEC,
    0xF1, 0xF6, 0xFA, 0xFF, 0x04, 0x09, 0x0E, 0x12, 0x16, 0x1B, 0x1E, 0x22, 0x25, 0x28, 0x2A, 0x2C,
    0x2D, 0x2E, 0x2E, 0x2E, 0x2E, 0x2D, 0x2B, 0x29, 0x26, 0x23, 0x20, 0x1D, 0xD0, 0x19, 0x14, 0x10,
    0x0B, 0x07, 0x02, 0xFD, 0xF8, 0xF3, 0xEF, 0xEA, 0xE6, 0xE2, 0xDF, 0xDB, 0xD8, 0xD6, 0xD4, 0xD2,
    0xD1, 0xD1, 0xD1, 0xD1, 0xD2, 0xD3, 0xD5, 0xD8, 0xDA, 0xDD, 0xE1, 0xE5, 0xE9, 0xD0, 0xED, 0xF2,
    0xF7, 0xFB, 0x00, 0x05, 0x0A, 0x0E, 0x13, 0x17, 0x1B, 0x1F, 0x22, 0x25, 0x28, 0x2A, 0x2C, 0x2D,
    0x2E, 0x2E, 0x2E, 0x2D, 0x2C, 0x2B, 0x28, 0x26, 0x23, 0x20, 0x1C, 0x18, 0x14, 0x0F, 0xD0, 0x0A,
    0x06, 0x01, 0xFC, 0xF7, 0xF2, 0xEE, 0xE9, 0xE5, 0xE1, 0xDE, 0xDB, 0xD8, 0xD6, 0xD4, 0xD2, 0xD1,
    0xD1, 0xD1, 0xD1, 0xD2, 0xD4, 0xD6, 0xD8, 0xDB, 0xDE, 0xE2, 0xE6, 0xEA, 0xEE, 0xF3, 0xF7, 0xD0,
    0xFC, 0x01, 0x06, 0x0B, 0x0F, 0x14, 0x18, 0x1C, 0x20, 0x23, 0x26, 0x29, 0x2B, 0x2C, 0x2E, 0x2E,
    0x2E, 0x2E, 0x2D, 0x2C, 0x2A, 0x28, 0x25, 0x22, 0x1F, 0x1B, 0x17, 0x13, 0x0E, 0x0A, 0x05, 0x00,
    0xD0, 0xFB, 0xF6, 0xF2, 0xED, 0xE9, 0xE5, 0xE1, 0xDD, 0xDA, 0xD7, 0xD5, 0xD3, 0xD2, 0xD1, 0xD1,
    0xD1, 0xD1, 0xD2, 0xD4, 0xD6, 0xD9, 0xDB, 0xDF, 0xE2, 0xE6, 0xEB, 0xEF, 0xF4, 0xF8, 0xFD, 0x02,
    0x07, 0xD0, 0x0B, 0x10, 0x15, 0x19, 0x1D, 0x20, 0x24, 0x26, 0x29, 0x2B, 0x2D, 0x2E, 0x2E, 0x2E,
    0x2E, 0x2D, 0x2C, 0x2A, 0x28, 0x25, 0x22, 0x1E, 0x1A, 0x16, 0x12, 0x0D, 0x09, 0x04, 0xFF, 0xFA,
    0xF5, 0xF1, 0xD0, 0xEC, 0xE8, 0xE4, 0xE0, 0xDD, 0xDA, 0xD7, 0xD5, 0xD3, 0xD2, 0xD1, 0xD1, 0xD1,
    0xD2, 0xD3, 0xD4, 0xD6, 0xD9, 0xDC, 0xDF, 0xE3, 0xE7, 0xEB, 0xF0, 0xF4, 0xF9, 0xFE, 0x03, 0x08,
    0x0C, 0x11, 0x15, 0xD0, 0x1A, 0x1D, 0x21, 0x24, 0x27, 0x29, 0x2B, 0x2D, 0x2E, 0x2E, 0x2E, 0x2E,
    0x2D, 0x2B, 0x29, 0x27, 0x24, 0x21, 0x1E, 0x1A, 0x15, 0x11, 0x0C, 0x08, 0x03, 0xFE, 0xF9, 0xF5,
    0xF0, 0xEB, 0xE7, 0xE3, 0xD0, 0xDF, 0xDC, 0xD9, 0xD7, 0xD4, 0xD3, 0xD2, 0xD1, 0xD1, 0xD1, 0xD2,
    0xD3, 0xD5, 0xD7, 0xDA, 0xDD, 0xE0, 0xE4, 0xE8, 0xEC, 0xF1, 0xF5, 0xFA, 0xFF, 0x04, 0x09, 0x0D,
    0x12, 0x16, 0x1A, 0x1E, 0x22, 0xD0, 0x25, 0x27, 0x2A, 0x2C, 0x2D, 0x2E, 0x2E, 0x2E, 0x2E, 0x2D,
    0x2B, 0x29, 0x27, 0x24, 0x20, 0x1D, 0x19, 0x15, 0x10, 0x0C, 0x07, 0x02, 0xFD, 0xF8, 0xF4, 0xEF,
    0xEB, 0xE6, 0xE2, 0xDF, 0xDC, 0xD9, 0xD0, 0xD6, 0xD4, 0xD2, 0xD1, 0xD1, 0xD1, 0xD1, 0xD2, 0xD3,
    0xD5, 0xD7, 0xDA, 0xDD, 0xE1, 0xE4, 0xE9, 0xED, 0xF1, 0xF6, 0xFB, 0x00, 0x05, 0x09, 0x0E, 0x13,
    0x17, 0x1B, 0x1F, 0x22, 0x25, 0x28, 0x2A, 0xD0, 0x2C, 0x2D, 0x2E, 0x2E, 0x2E, 0x2E, 0x2C, 0x2B,
    0x29, 0x26, 0x23, 0x20, 0x1C, 0x18, 0x14, 0x0F, 0x0B, 0x06, 0x01, 0xFC, 0xF8, 0xF3, 0xEE, 0xEA,
    0xE6, 0xE2, 0xDE, 0xDB, 0xD8, 0xD6, 0xD4, 0xD2, 0xD0, 0xD1, 0xD1, 0xD1, 0xD1, 0xD2, 0xD4, 0xD5,
    0xD8, 0xDB, 0xDE, 0xE1, 0xE5, 0xE9, 0xEE, 0xF2, 0xF7, 0xFC, 0x01, 0x06, 0x0A, 0x0F, 0x13, 0x18,
    0x1C, 0x1F, 0x23, 0x26, 0x28, 0x2B, 0x2C, 0x2D, 0x2E, 0xD0, 0x2E, 0x2E, 0x2D, 0x2C, 0x2A, 0x28,
    0x26, 0x23, 0x1F, 0x1B, 0x17, 0x13, 0x0F, 0x0A, 0x05, 0x00, 0xFB, 0xF7, 0xF2, 0xED, 0xE9, 0xE5,
    0xE1, 0xDE, 0xDA, 0xD8, 0xD5, 0xD3, 0xD2, 0xD1, 0xD1, 0xD1, 0xD0, 0xD1, 0xD2, 0xD4, 0xD6, 0xD8,
    0xDB, 0xDE, 0xE2, 0xE6, 0xEA, 0xEF, 0xF3, 0xF8, 0xFD, 0x02, 0x06, 0x0B, 0x10, 0x14, 0x18, 0x1C,
    0x20, 0x23, 0x26, 0x29, 0x2B, 0x2C, 0x2E, 0x2E, 0x2E, 0x2E, 0x2D, 0xD0, 0x2C, 0x2A, 0x28, 0x25,
    0x22, 0x1E, 0x1B, 0x17, 0x12, 0x0E, 0x09, 0x04, 0xFF, 0xFB, 0xF6, 0xF1, 0xED, 0xE8, 0xE4, 0xE0,
    0xDD, 0xDA, 0xD7, 0xD5, 0xD3, 0xD2, 0xD1, 0xD1, 0xD1, 0xD1, 0xD3, 0xD4, 0xD0, 0xD6, 0xD9, 0xDC,
    0xDF, 0xE3, 0xE7, 0xEB, 0xEF, 0xF4, 0xF9, 0xFE, 0x03, 0x07, 0x0C, 0x11, 0x15, 0x19, 0x1D, 0x21,
    0x24, 0x27, 0x29, 0x2B, 0x2D, 0x2E, 0x2E, 0x2E, 0x2E, 0x2D, 0x2B, 0x2A, 0x27, 0xD0, 0x24, 0x21,
    0x1E, 0x1A, 0x16, 0x11, 0x0D, 0x08, 0x03, 0xFE, 0xFA, 0xF5, 0xF0, 0xEC, 0xE7, 0xE3, 0xE0, 0xDC,
    0xD9, 0xD7, 0xD5, 0xD3, 0xD2, 0xD1, 0xD1, 0xD1, 0xD2, 0xD3, 0xD5, 0xD7, 0xD9, 0xDC, 0xD0, 0xE0,
    0xE4, 0xE8, 0xEC, 0xF0, 0xF5, 0xFA, 0xFF, 0x03, 0x08, 0x0D, 0x11, 0x16, 0x1A, 0x1E, 0x21, 0x25,
    0x27, 0x2A, 0x2C, 0x2D, 0x2E, 0x2E, 0x2E, 0x2E, 0x2D, 0x2B, 0x29, 0x27, 0x24, 0x21, 0x1D, 0xD0,
    0x19, 0x15, 0x11, 0x0C, 0x07, 0x02, 0xFE, 0xF9, 0xF4, 0xEF, 0xEB, 0xE7, 0xE3, 0xDF, 0xDC, 0xD9,
    0xD6, 0xD4, 0xD3, 0xD1, 0xD1, 0xD1, 0xD1, 0xD2, 0xD3, 0xD5, 0xD7, 0xDA, 0xDD, 0xE0, 0xE4, 0xE8,
    0xD0, 0xED, 0xF1, 0xF6, 0xFB, 0xFF, 0x04, 0x09, 0x0E, 0x12, 0x17, 0x1B, 0x1F, 0x22, 0x25, 0x28,
    0x2A, 0x2C, 0x2D, 0x2E, 0x2E, 0x2E, 0x2E, 0x2C, 0x2B, 0x29, 0x26, 0x23, 0x20, 0x1C, 0x18, 0x14,
    0x10, 0xD0, 0x0B, 0x06, 0x02, 0xFD, 0xF8, 0xF3, 0xEF, 0xEA, 0xE6, 0xE2, 0xDE, 0xDB, 0xD8, 0xD6,
    0xD4, 0xD2, 0xD1, 0xD1, 0xD1, 0xD1, 0xD2, 0xD3, 0xD5, 0xD8, 0xDA, 0xDE, 0xE1, 0xE5, 0xE9, 0xED,
    0xF2, 0xF7, 0xD0, 0xFC, 0x00, 0x05, 0x0A, 0x0F, 0x13, 0x17, 0x1B, 0x1F, 0x23, 0x26, 0x28, 0x2A,
    0x2C, 0x2D, 0x2E, 0x2E, 0x2E, 0x2D, 0x2C, 0x2A, 0x28, 0x26, 0x23, 0x1F, 0x1C, 0x18, 0x13, 0x0F,
    0x0A, 0x05, 0x01, 0xD0, 0xFC, 0xF7, 0xF2, 0xEE, 0xE9, 0xE5, 0xE1, 0xDE, 0xDB, 0xD8, 0xD5, 0xD4,
    0xD2, 0xD1, 0xD1, 0xD1, 0xD1, 0xD2, 0xD4, 0xD6, 0xD8, 0xDB, 0xDE, 0xE2, 0xE6, 0xEA, 0xEE, 0xF3,
    0xF8, 0xFC, 0x01, 0x06, 0xD0, 0x0B, 0x0F, 0x14, 0x18, 0x1C, 0x20, 0x23, 0x26, 0x29, 0x2B, 0x2C,
    0x2E, 0x2E, 0x2E, 0x2E, 0x2D, 0x2C, 0x2A, 0x28, 0x25, 0x22, 0x1F, 0x1B, 0x17, 0x12, 0x0E, 0x09,
    0x05, 0x00, 0xFB, 0xF6, 0xF1, 0xD0, 0xED, 0xE9, 0xE4, 0xE1, 0xDD, 0xDA, 0xD7, 0xD5, 0xD3, 0xD2,
    0xD1, 0xD1, 0xD1, 0xD1, 0xD3, 0xD4, 0xD6, 0xD9, 0xDC, 0xDF, 0xE3, 0xE6, 0xEB, 0xEF, 0xF4, 0xF9,
    0xFD, 0x02, 0x07, 0x0C, 0x10, 0x15, 0xD0, 0x19, 0x1D, 0x21, 0x24, 0x27, 0x29, 0x2B, 0x2D, 0x2E,
    0x2E, 0x2E, 0x2E, 0x2D, 0x2C, 0x2A, 0x27, 0x25, 0x21, 0x1E, 0x1A, 0x16, 0x12, 0x0D, 0x08, 0x04,
    0xFF, 0xFA, 0xF5, 0xF1, 0xEC, 0xE8, 0xE4, 0xD0, 0xE0, 0xDD, 0xD9, 0xD7, 0xD5, 0xD3, 0xD2, 0xD1,
    0xD1, 0xD1, 0xD2, 0xD3, 0xD4, 0xD7, 0xD9, 0xDC, 0xE0, 0xE3, 0xE7, 0xEC, 0xF0, 0xF5, 0xF9, 0xFE,
    0x03, 0x08, 0x0D, 0x11, 0x16, 0x1A, 0x1E, 0x21, 0xD0, 0x24, 0x27, 0x29, 0x2B, 0x2D, 0x2E, 0x2E,
    0x2E, 0x2E, 0x2D, 0x2B, 0x29, 0x27, 0x24, 0x21, 0x1D, 0x19, 0x15, 0x11, 0x0C, 0x08, 0x03, 0xFE,
    0xF9, 0xF4, 0xF0, 0xEB, 0xE7, 0xE3, 0xDF, 0xDC, 0xD9, 0xD0, 0xD6, 0xD4, 0xD3, 0xD1, 0xD1, 0xD1,
    0xD1, 0xD2, 0xD3, 0xD5, 0xD7, 0xDA, 0xDD, 0xE0, 0xE4, 0xE8, 0xEC, 0xF1, 0xF6, 0xFA, 0xFF, 0x04,
    0x09, 0x0D, 0x12, 0x16, 0x1A, 0x1E, 0x22, 0x25, 0x28, 0x2A, 0xD0, 0x2C, 0x2D, 0x2E, 0x2E, 0x2E,
    0x2E, 0x2D, 0x2B, 0x29, 0x26, 0x24, 0x20, 0x1D, 0x19, 0x14, 0x10, 0x0B, 0x07, 0x02, 0xFD, 0xF8,
    0xF3, 0xEF, 0xEA, 0xE6, 0xE2, 0xDF, 0xDB, 0xD8, 0xD6, 0xD4, 0xD2, 0xD0, 0xD1, 0xD1, 0xD1, 0xD1,
    0xD2, 0xD3, 0xD5, 0xD8, 0xDA, 0xDD, 0xE1, 0xE5, 0xE9, 0xED, 0xF2, 0xF6, 0xFB, 0x00, 0x05, 0x0A,
    0x0E, 0x13, 0x17, 0x1B, 0x1F, 0x22, 0x25, 0x28, 0x2A, 0x2C, 0x2D, 0x2E, 0xD0, 0x2E, 0x2E, 0x2D,
    0x2C, 0x2B, 0x28, 0x26, 0x23, 0x20, 0x1C, 0x18, 0x14, 0x0F, 0x0B, 0x06, 0x01, 0xFC, 0xF7, 0xF3,
    0xEE, 0xEA, 0xE5, 0xE2, 0xDE, 0xDB, 0xD8, 0xD6, 0xD4, 0xD2, 0xD1, 0xD1, 0xD1, 0xD0, 0xD1, 0xD2,
    0xD4, 0xD6, 0xD8, 0xDB, 0xDE, 0xE2, 0xE5, 0xEA, 0xEE, 0xF3, 0xF7, 0xFC, 0x01, 0x06, 0x0B, 0x0F,
    0x14, 0x18, 0x1C, 0x20, 0x23, 0x26, 0x28, 0x2B, 0x2C, 0x2D, 0x2E, 0x2E, 0x2E, 0x2D, 0xD0, 0x2C,
    0x2A, 0x28, 0x25, 0x22, 0x1F, 0x1B, 0x17, 0x13, 0x0E, 0x0A, 0x05, 0x00, 0xFB, 0xF6, 0xF2, 0xED,
    0xE9, 0xE5, 0xE1, 0xDD, 0xDA, 0xD8, 0xD5, 0xD3, 0xD2, 0xD1, 0xD1, 0xD1, 0xD1, 0xD2, 0xD4, 0xD0,
    0xD6, 0xD8, 0xDB, 0xDF, 0xE2, 0xE6, 0xEA, 0xEF, 0xF3, 0xF8, 0xFD, 0x02, 0x07, 0x0B, 0x10, 0x14,
    0x19, 0x1D, 0x20, 0x24, 0x26, 0x29, 0x2B, 0x2D, 0x2E, 0x2E, 0x2E, 0x2E, 0x2D, 0x2C, 0x2A, 0x28,
    0xD0, 0x25, 0x22, 0x1E, 0x1A, 0x16, 0x12, 0x0D, 0x09, 0x04, 0xFF, 0xFA, 0xF6, 0xF1, 0xEC, 0xE8,
    0xE4, 0xE0, 0xDD, 0xDA, 0xD7, 0xD5, 0xD3, 0xD2, 0xD1, 0xD1, 0xD1, 0xD1, 0xD3, 0xD4, 0xD6, 0xD9,
    0xDC, 0xD0, 0xDF, 0xE3, 0xE7, 0xEB, 0xF0, 0xF4, 0xF9, 0xFE, 0x03, 0x08, 0x0C, 0x11, 0x15, 0x19,
    0x1D, 0x21, 0x24, 0x27, 0x29, 0x2B, 0x2D, 0x2E, 0x2E, 0x2E, 0x2E, 0x2D, 0x2B, 0x29, 0x27, 0x24,
    0x21, 0x1E, 0xD0, 0x1A, 0x16, 0x11, 0x0D, 0x08, 0x03, 0xFE, 0xF9, 0xF5, 0xF0, 0xEB, 0xE7, 0xE3,
    0xE0, 0xDC, 0xD9, 0xD7, 0xD4, 0xD3, 0xD2, 0xD1, 0xD1, 0xD1, 0xD2, 0xD3, 0xD5, 0xD7, 0xDA, 0xDD,
    0xE0, 0xE4, 0xE8, 0xD0, 0xEC, 0xF1, 0xF5, 0xFA, 0xFF, 0x04, 0x08, 0x0D, 0x12, 0x16, 0x1A, 0x1E,
    0x22, 0x25, 0x27, 0x2A, 0x2C, 0x2D, 0x2E, 0x2E, 0x2E, 0x2E, 0x2D, 0x2B, 0x29, 0x27, 0x24, 0x20,
    0x1D, 0x19, 0x15, 0x10, 0xD0, 0x0C, 0x07, 0x02, 0xFD, 0xF9, 0xF4, 0xEF, 0xEB, 0xE6, 0xE3, 0xDF,
    0xDC, 0xD9, 0xD6, 0xD4, 0xD3, 0xD1, 0xD1, 0xD1, 0xD1, 0xD2, 0xD3, 0xD5, 0xD7, 0xDA, 0xDD, 0xE1,
    0xE4, 0xE9, 0xED, 0xF1, 0xF6, 0xD0, 0xFB, 0x00, 0x05, 0x09, 0x0E, 0x13, 0x17, 0x1B, 0x1F, 0x22,
    0x25, 0x28, 0x2A, 0x2C, 0x2D, 0x2E, 0x2E, 0x2E, 0x2E, 0x2C, 0x2B, 0x29, 0x26, 0x23, 0x20, 0x1C,
    0x18, 0x14, 0x0F, 0x0B, 0x06, 0x01, 0xD0, 0xFC, 0xF8, 0xF3, 0xEE, 0xEA, 0xE6, 0xE2, 0xDE, 0xDB,
    0xD8, 0xD6, 0xD4, 0xD2, 0xD1, 0xD1, 0xD1, 0xD1, 0xD2, 0xD4, 0xD5, 0xD8, 0xDB, 0xDE, 0xE1, 0xE5,
    0xE9, 0xEE, 0xF2, 0xF7, 0xFC, 0x01, 0x05, 0xD0, 0x0A, 0x0F, 0x13, 0x18, 0x1C, 0x1F, 0x23, 0x26,
    0x28, 0x2A, 0x2C, 0x2D, 0x2E, 0x2E, 0x2E, 0x2D, 0x2C, 0x2A, 0x28, 0x26, 0x23, 0x1F, 0x1B, 0x17,
    0x13, 0x0F, 0x0A, 0x05, 0x00, 0xFB, 0xF7, 0xF2, 0xD0, 0xED, 0xE9, 0xE5, 0xE1, 0xDE, 0xDA, 0xD8,
    0xD5, 0xD3, 0xD2, 0xD1, 0xD1, 0xD1, 0xD1, 0xD2, 0xD4, 0xD6, 0xD8, 0xDB, 0xDE, 0xE2, 0xE6, 0xEA,
    0xEF, 0xF3, 0xF8, 0xFD, 0x02, 0x06, 0x0B, 0x10, 0x14, 0xD0, 0x18, 0x1C, 0x20, 0x23, 0x26, 0x29,
    0x2B, 0x2C, 0x2E, 0x2E, 0x2E, 0x2E, 0x2D, 0x2C, 0x2A, 0x28, 0x25, 0x22, 0x1E, 0x1B, 0x17, 0x12,
    0x0E, 0x09, 0x04, 0xFF, 0xFB, 0xF6, 0xF1, 0xED, 0xE8, 0xE4, 0xD0, 0xE0, 0xDD, 0xDA, 0xD7, 0xD5,
    0xD3, 0xD2, 0xD1, 0xD1, 0xD1, 0xD1, 0xD3, 0xD4, 0xD6, 0xD9, 0xDC, 0xDF, 0xE3, 0xE7, 0xEB, 0xEF,
    0xF4, 0xF9, 0xFE, 0x02, 0x07, 0x0C, 0x11, 0x15, 0x19, 0x1D, 0x21, 0xD0, 0x24, 0x27, 0x29, 0x2B,
    0x2D, 0x2E, 0x2E, 0x2E, 0x2E, 0x2D, 0x2C, 0x2A, 0x27, 0x25, 0x21, 0x1E, 0x1A, 0x16, 0x11, 0x0D,
    0x08, 0x03, 0xFF, 0xFA, 0xF5, 0xF0, 0xEC, 0xE8, 0xE4, 0xE0, 0xDC, 0xD9, 0xD0, 0xD7, 0xD5, 0xD3,
    0xD2, 0xD1, 0xD1, 0xD1, 0xD2, 0xD3, 0xD5, 0xD7, 0xD9, 0xDC, 0xE0, 0xE3, 0xE7, 0xEC, 0xF0, 0xF5,
    0xFA, 0xFE, 0x03, 0x08, 0x0D, 0x11, 0x16, 0x1A, 0x1E, 0x21, 0x24, 0x27, 0x2A, 0xD0, 0x2B, 0x2D,
    0x2E, 0x2E, 0x2E, 0x2E, 0x2D, 0x2B, 0x29, 0x27, 0x24, 0x21, 0x1D, 0x19, 0x15, 0x11, 0x0C, 0x07,
    0x02, 0xFE, 0xF9, 0xF4, 0xEF, 0xEB, 0xE7, 0xE3, 0xDF, 0xDC, 0xD9, 0xD6, 0xD4, 0xD3, 0xD0, 0xD1,
    0xD1, 0xD1, 0xD1, 0xD2, 0xD3, 0xD5, 0xD7, 0xDA, 0xDD, 0xE0, 0xE4, 0xE8, 0xED, 0xF1, 0xF6, 0xFB,
    0xFF, 0x04, 0x09, 0x0E, 0x12, 0x17, 0x1B, 0x1E, 0x22, 0x25, 0x28, 0x2A, 0x2C, 0x2D, 0x2E, 0xD0,
    0x2E, 0x2E, 0x2E, 0x2C, 0x2B, 0x29, 0x26, 0x23, 0x20, 0x1C, 0x18, 0x14, 0x10, 0x0B, 0x06, 0x02,
    0xFD, 0xF8, 0xF3, 0xEF, 0xEA, 0xE6, 0xE2, 0xDE, 0xDB, 0xD8, 0xD6, 0xD4, 0xD2, 0xD1, 0xD1, 0xD1,
    0xD0, 0xD1, 0xD2, 0xD3, 0xD5, 0xD8, 0xDA, 0xDE, 0xE1, 0xE5, 0xE9, 0xED, 0xF2, 0xF7, 0xFB, 0x00,
    0x05, 0x0A, 0x0F, 0x13, 0x17, 0x1B, 0x1F, 0x23, 0x26, 0x28, 0x2A, 0x2C, 0x2D, 0x2E, 0x2E, 0x2E,
    0x2D, 0xD0, 0x2C, 0x2B, 0x28, 0x26, 0x23, 0x1F, 0x1C, 0x18, 0x13, 0x0F, 0x0A, 0x06, 0x01, 0xFC,
    0xF7, 0xF2, 0xEE, 0xE9, 0xE5, 0xE1, 0xDE, 0xDB, 0xD8, 0xD5, 0xD4, 0xD2, 0xD1, 0xD1, 0xD1, 0xD1,
    0xD2, 0xD4, 0xD0, 0xD6, 0xD8, 0xDB, 0xDE, 0xE2, 0xE6, 0xEA, 0xEE, 0xF3, 0xF8, 0xFC, 0x01, 0x06,
    0x0B, 0x0F, 0x14, 0x18, 0x1C, 0x20, 0x23, 0x26, 0x29, 0x2B, 0x2C, 0x2E, 0x2E, 0x2E, 0x2E, 0x2D,
    0x2C, 0x2A, 0x28, 0xD0, 0x25, 0x22, 0x1F, 0x1B, 0x17, 0x13, 0x0E, 0x09, 0x05, 0x00, 0xFB, 0xF6,
    0xF1, 0xED, 0xE9, 0xE5, 0xE1, 0xDD, 0xDA, 0xD7, 0xD5, 0xD3, 0xD2, 0xD1, 0xD1, 0xD1, 0xD1, 0xD3,
    0xD4, 0xD6, 0xD9, 0xDC, 0xD0, 0xDF, 0xE2, 0xE6, 0xEB, 0xEF, 0xF4, 0xF8, 0xFD, 0x02, 0x07, 0x0C,
    0x10, 0x15, 0x19, 0x1D, 0x20, 0x24, 0x27, 0x29, 0x2B, 0x2D, 0x2E, 0x2E, 0x2E, 0x2E, 0x2D, 0x2C,
    0x2A, 0x27, 0x25, 0x22, 0x1E, 0xD0, 0x1A, 0x16, 0x12, 0x0D, 0x09, 0x04, 0xFF, 0xFA, 0xF5, 0xF1,
    0xEC, 0xE8, 0xE4, 0xE0, 0xDD, 0xDA, 0xD7, 0xD5, 0xD3, 0xD2, 0xD1, 0xD1, 0xD1, 0xD2, 0xD3, 0xD4,
    0xD7, 0xD9, 0xDC, 0xDF, 0xE3, 0xE7, 0xD0, 0xEB, 0xF0, 0xF5, 0xF9, 0xFE, 0x03, 0x08, 0x0D, 0x11,
    0x15, 0x1A, 0x1E, 0x21, 0x24, 0x27, 0x29, 0x2B, 0x2D, 0x2E, 0x2E, 0x2E, 0x2E, 0x2D, 0x2B, 0x29,
    0x27, 0x24, 0x21, 0x1D, 0x19, 0x15, 0x11, 0xD0, 0x0C, 0x08, 0x03, 0xFE, 0xF9, 0xF4, 0xF0, 0xEB,
    0xE7, 0xE3, 0xDF, 0xDC, 0xD9, 0xD6, 0xD4, 0xD3, 0xD1, 0xD1, 0xD1, 0xD1, 0xD2, 0xD3, 0xD5, 0xD7,
    0xDA, 0xDD, 0xE0, 0xE4, 0xE8, 0xEC, 0xF1, 0xF5, 0xD0, 0xFA, 0xFF, 0x04, 0x09, 0x0D, 0x12, 0x16,
    0x1A, 0x1E, 0x22, 0x25, 0x28, 0x2A, 0x2C, 0x2D, 0x2E, 0x2E, 0x2E, 0x2E, 0x2D, 0x2B, 0x29, 0x26,
    0x24, 0x20, 0x1D, 0x19, 0x15, 0x10, 0x0B, 0x07, 0x02, 0xD0, 0xFD, 0xF8, 0xF4, 0xEF, 0xEA, 0xE6,
    0xE2, 0xDF, 0xDB, 0xD9, 0xD6, 0xD4, 0xD2, 0xD1, 0xD1, 0xD1, 0xD1, 0xD2, 0xD3, 0xD5, 0xD7, 0xDA,
    0xDD, 0xE1, 0xE5, 0xE9, 0xED, 0xF2, 0xF6, 0xFB, 0x00, 0x05, 0xD0, 0x0A, 0x0E, 0x13, 0x17, 0x1B,
    0x1F, 0x22, 0x25, 0x28, 0x2A, 0x2C, 0x2D, 0x2E, 0x2E, 0x2E, 0x2E, 0x2C, 0x2B, 0x29, 0x26, 0x23,
    0x20, 0x1C, 0x18, 0x14, 0x0F, 0x0B, 0x06, 0x01, 0xFC, 0xF7, 0xF3, 0xD0, 0xEE, 0xEA, 0xE5, 0xE2,
    0xDE, 0xDB, 0xD8, 0xD6, 0xD4, 0xD2, 0xD1, 0xD1, 0xD1, 0xD1, 0xD2, 0xD4, 0xD6, 0xD8, 0xDB, 0xDE,
    0xE2, 0xE5, 0xEA, 0xEE, 0xF3, 0xF7, 0xFC, 0x01, 0x06, 0x0A, 0x0F, 0x14, 0xD0, 0x18, 0x1C, 0x20,
    0x23, 0x26, 0x28, 0x2B, 0x2C, 0x2D, 0x2E, 0x2E, 0x2E, 0x2D, 0x2C, 0x2A, 0x28, 0x25, 0x22, 0x1F,
    0x1B, 0x17, 0x13, 0x0E, 0x0A, 0x05, 0x00, 0xFB, 0xF6, 0xF2, 0xED, 0xE9, 0xE5, 0xD0, 0xE1, 0xDD,
    0xDA, 0xD8, 0xD5, 0xD3, 0xD2, 0xD1, 0xD1, 0xD1, 0xD1, 0xD2, 0xD4, 0xD6, 0xD8, 0xDB, 0xDF, 0xE2,
    0xE6, 0xEA, 0xEF, 0xF3, 0xF8, 0xFD, 0x02, 0x07, 0x0B, 0x10, 0x14, 0x19, 0x1D, 0x20, 0xD0, 0x24,
    0x26, 0x29, 0x2B, 0x2D, 0x2E, 0x2E, 0x2E, 0x2E, 0x2D, 0x2C, 0x2A, 0x28, 0x25, 0x22, 0x1E, 0x1A,
    0x16, 0x12, 0x0D, 0x09, 0x04, 0xFF, 0xFA, 0xF6, 0xF1, 0xEC, 0xE8, 0xE4, 0xE0, 0xDD, 0xDA, 0xD0,
    0xD7, 0xD5, 0xD3, 0xD2, 0xD1, 0xD1, 0xD1, 0xD1, 0xD3, 0xD4, 0xD6, 0xD9, 0xDC, 0xDF, 0xE3, 0xE7,
    0xEB, 0xF0, 0xF4, 0xF9, 0xFE, 0x03, 0x07, 0x0C, 0x11, 0x15, 0x19, 0x1D, 0x21, 0x24, 0x27, 0x29,
    0xD0, 0x2B, 0x2D, 0x2E, 0x2E, 0x2E, 0x2E, 0x2D, 0x2B, 0x2A, 0x27, 0x24, 0x21, 0x1E, 0x1A, 0x16,
    0x11, 0x0D, 0x08, 0x03, 0xFE, 0xF9, 0xF5, 0xF0, 0xEC, 0xE7, 0xE3, 0xE0, 0xDC, 0xD9, 0xD7, 0xD4,
    0xD3, 0xD0, 0xD2, 0xD1, 0xD1, 0xD1, 0xD2, 0xD3, 0xD5, 0xD7, 0xD9, 0xDC, 0xE0, 0xE4, 0xE8, 0xEC,
    0xF0, 0xF5, 0xFA, 0xFF, 0x04, 0x08, 0x0D, 0x12, 0x16, 0x1A, 0x1E, 0x21, 0x25, 0x27, 0x2A, 0x2C,
    0x2D, 0x2E, 0xD0, 0x2E, 0x2E, 0x2E, 0x2D, 0x2B, 0x29, 0x27, 0x24, 0x21, 0x1D, 0x19, 0x15, 0x10,
    0x0C, 0x07, 0x02, 0xFD, 0xF9, 0xF4, 0xEF, 0xEB, 0xE7, 0xE3, 0xDF, 0xDC, 0xD9, 0xD6, 0xD4, 0xD3,
    0xD1, 0xD1, 0xD1, 0xD0, 0xD1, 0xD2, 0xD3, 0xD5, 0xD7, 0xDA, 0xDD, 0xE1, 0xE4, 0xE8, 0xED, 0xF1,
    0xF6, 0xFB, 0x00, 0x04, 0x09, 0x0E, 0x12, 0x17, 0x1B, 0x1F, 0x22, 0x25, 0x28, 0x2A, 0x2C, 0x2D,
    0x2E, 0x2E, 0x2E, 0x2E, 0xD0, 0x2C, 0x2B, 0x29, 0x26, 0x23, 0x20, 0x1C, 0x18, 0x14, 0x10, 0x0B,
    0x06, 0x01, 0xFD, 0xF8, 0xF3, 0xEE, 0xEA, 0xE6, 0xE2, 0xDE, 0xDB, 0xD8, 0xD6, 0xD4, 0xD2, 0xD1,
    0xD1, 0xD1, 0xD1, 0xD2, 0xD4, 0xD0, 0xD5, 0xD8, 0xDB, 0xDE, 0xE1, 0xE5, 0xE9, 0xEE, 0xF2, 0xF7,
    0xFC, 0x01, 0x05, 0x0A, 0x0F, 0x13, 0x18, 0x1C, 0x1F, 0x23, 0x26, 0x28, 0x2A, 0x2C, 0x2D, 0x2E,
    0x2E, 0x2E, 0x2D, 0x2C, 0x2A, 0x28, 0xD0, 0x26, 0x23, 0x1F, 0x1C, 0x17, 0x13, 0x0F, 0x0A, 0x05,
    0x00, 0xFC, 0xF7, 0xF2, 0xEE, 0xE9, 0xE5, 0xE1, 0xDE, 0xDA, 0xD8, 0xD5, 0xD3, 0xD2, 0xD1, 0xD1,
    0xD1, 0xD1, 0xD2, 0xD4, 0xD6, 0xD8, 0xDB, 0xD0, 0xDE, 0xE2, 0xE6, 0xEA, 0xEE, 0xF3, 0xF8, 0xFD,
    0x01, 0x06, 0x0B, 0x10, 0x14, 0x18, 0x1C, 0x20, 0x23, 0x26, 0x29, 0x2B, 0x2C, 0x2E, 0x2E, 0x2E,
    0x2E, 0x2D, 0x2C, 0x2A, 0x28, 0x25, 0x22, 0x1F, 0xD0, 0x1B, 0x17, 0x12, 0x0E, 0x09, 0x04, 0x00,
    0xFB, 0xF6, 0xF1, 0xED, 0xE8, 0xE4, 0xE0, 0xDD, 0xDA, 0xD7, 0xD5, 0xD3, 0xD2, 0xD1, 0xD1, 0xD1,
    0xD1, 0xD3, 0xD4, 0xD6, 0xD9, 0xDC, 0xDF, 0xE3, 0xE7, 0xD0, 0xEB, 0xEF, 0xF4, 0xF9, 0xFD, 0x02,
    0x07, 0x0C, 0x10, 0x15, 0x19, 0x1D, 0x21, 0x24, 0x27, 0x29, 0x2B, 0x2D, 0x2E, 0x2E, 0x2E, 0x2E,
    0x2D, 0x2C, 0x2A, 0x27, 0x25, 0x21, 0x1E, 0x1A, 0x16, 0x12, 0xD0, 0x0D, 0x08, 0x04, 0xFF, 0xFA,
    0xF5, 0xF0, 0xEC, 0xE8, 0xE4, 0xE0, 0xDC, 0xD9, 0xD7, 0xD5, 0xD3, 0xD2, 0xD1, 0xD1, 0xD1, 0xD2,
    0xD3, 0xD5, 0xD7, 0xD9, 0xDC, 0xE0, 0xE3, 0xE7, 0xEC, 0xF0, 0xF5, 0xD0, 0xFA, 0xFE, 0x03, 0x08,
    0x0D, 0x11, 0x16, 0x1A, 0x1E, 0x21, 0x24, 0x27, 0x2A, 0x2B, 0x2D, 0x2E, 0x2E, 0x2E, 0x2E, 0x2D,
    0x2B, 0x29, 0x27, 0x24, 0x21, 0x1D, 0x19, 0x15, 0x11, 0x0C, 0x07, 0x03, 0xD0, 0xFE, 0xF9, 0xF4,
    0xF0, 0xEB, 0xE7, 0xE3, 0xDF, 0xDC, 0xD9, 0xD6, 0xD4, 0xD3, 0xD1, 0xD1, 0xD1, 0xD1, 0xD2, 0xD3,
    0xD5, 0xD7, 0xDA, 0xDD, 0xE0, 0xE4, 0xE8, 0xEC, 0xF1, 0xF6, 0xFA, 0xFF, 0x04, 0xD0, 0x09, 0x0E,
    0x12, 0x16, 0x1B, 0x1E, 0x22, 0x25, 0x28, 0x2A, 0x2C, 0x2D, 0x2E, 0x2E, 0x2E, 0x2E, 0x2C, 0x2B,
    0x29, 0x26, 0x23, 0x20, 0x1C, 0x19, 0x14, 0x10, 0x0B, 0x06, 0x02, 0xFD, 0xF8, 0xF3, 0xD0, 0xEF,
    0xEA, 0xE6, 0xE2, 0xDF, 0xDB, 0xD8, 0xD6, 0xD4, 0xD2, 0xD1, 0xD1, 0xD1, 0xD1, 0xD2, 0xD3, 0xD5,
    0xD8, 0xDA, 0xDE, 0xE1, 0xE5, 0xE9, 0xED, 0xF2, 0xF7, 0xFB, 0x00, 0x05, 0x0A, 0x0E, 0x13, 0xD0,
    0x17, 0x1B, 0x1F, 0x22, 0x26, 0x28, 0x2A, 0x2C, 0x2D, 0x2E, 0x2E, 0x2E, 0x2D, 0x2C, 0x2B, 0x28,
    0x26, 0x23, 0x1F, 0x1C, 0x18, 0x13, 0x0F, 0x0A, 0x06, 0x01, 0xFC, 0xF7, 0xF2, 0xEE, 0xE9, 0xE5,
    0xD0, 0xE1, 0xDE, 0xDB, 0xD8, 0xD5, 0xD4, 0xD2, 0xD1, 0xD1, 0xD1, 0xD1, 0xD2, 0xD4, 0xD6, 0xD8,
    0xDB, 0xDE, 0xE2, 0xE6, 0xEA, 0xEE, 0xF3, 0xF7, 0xFC, 0x01, 0x06, 0x0B, 0x0F, 0x14, 0x18, 0x1C,
    0x20, 0xD0, 0x23, 0x26, 0x29, 0x2B, 0x2C, 0x2E, 0x2E, 0x2E, 0x2E, 0x2D, 0x2C, 0x2A, 0x28, 0x25,
    0x22, 0x1F, 0x1B, 0x17, 0x13, 0x0E, 0x09, 0x05, 0x00, 0xFB, 0xF6, 0xF2, 0xED, 0xE9, 0xE5, 0xE1,
    0xDD, 0xDA, 0xD0, 0xD7, 0xD5, 0xD3, 0xD2, 0xD1, 0xD1, 0xD1, 0xD1, 0xD2, 0xD4, 0xD6, 0xD9, 0xDB,
    0xDF, 0xE2, 0xE6, 0xEB, 0xEF, 0xF4, 0xF8, 0xFD, 0x02, 0x07, 0x0C, 0x10, 0x15, 0x19, 0x1D, 0x20,
    0x24, 0x27, 0x29, 0xD0, 0x2B, 0x2D, 0x2E, 0x2E, 0x2E, 0x2E, 0x2D, 0x2C, 0x2A, 0x27, 0x25, 0x22,
    0x1E, 0x1A, 0x16, 0x12, 0x0D, 0x09, 0x04, 0xFF, 0xFA, 0xF5, 0xF1, 0xEC, 0xE8, 0xE4, 0xE0, 0xDD,
    0xDA, 0xD7, 0xD5, 0xD3, 0xD0, 0xD2, 0xD1, 0xD1, 0xD1, 0xD2, 0xD3, 0xD4, 0xD7, 0xD9, 0xDC, 0xDF,
    0xE3, 0xE7, 0xEB, 0xF0, 0xF4, 0xF9, 0xFE, 0x03, 0x08, 0x0C, 0x11, 0x15, 0x1A, 0x1D, 0x21, 0x24,
    0x27, 0x29, 0x2B, 0x2D, 0x2E, 0xD0, 0x2E, 0x2E, 0x2E, 0x2D, 0x2B, 0x29, 0x27, 0x24, 0x21, 0x1D,
    0x1A, 0x15, 0x11, 0x0C, 0x08, 0x03, 0xFE, 0xF9, 0xF4, 0xF0, 0xEB, 0xE7, 0xE3, 0xDF, 0xDC, 0xD9,
    0xD7, 0xD4, 0xD3, 0xD2, 0xD1, 0xD1, 0xD0, 0xD1, 0xD2, 0xD3, 0xD5, 0xD7, 0xDA, 0xDD, 0xE0, 0xE4,
    0xE8, 0xEC, 0xF1, 0xF5, 0xFA, 0xFF, 0x04, 0x09, 0x0D, 0x12, 0x16, 0x1A, 0x1E, 0x22, 0x25, 0x27,
    0x2A, 0x2C, 0x2D, 0x2E, 0x2E, 0x2E, 0x2E, 0xD0, 0x2D, 0x2B, 0x29, 0x27, 0x24, 0x20, 0x1D, 0x19,
    0x15, 0x10, 0x0C, 0x07, 0x02, 0xFD, 0xF8, 0xF4, 0xEF, 0xEB, 0xE6, 0xE2, 0xDF, 0xDB, 0xD9, 0xD6,
    0xD4, 0xD2, 0xD1, 0xD1, 0xD1, 0xD1, 0xD2, 0xD3, 0xD0, 0xD5, 0xD7, 0xDA, 0xDD, 0xE1, 0xE5, 0xE9,
    0xED, 0xF2, 0xF6, 0xFB, 0x00, 0x05, 0x09, 0x0E, 0x13, 0x17, 0x1B, 0x1F, 0x22, 0x25, 0x28, 0x2A,
    0x2C, 0x2D, 0x2E, 0x2E, 0x2E, 0x2E, 0x2C, 0x2B, 0x29, 0xD0, 0x26, 0x23, 0x20, 0x1C, 0x18, 0x14,
    0x0F, 0x0B, 0x06, 0x01, 0xFC, 0xF7, 0xF3, 0xEE, 0xEA, 0xE6, 0xE2, 0xDE, 0xDB, 0xD8, 0xD6, 0xD4,
    0xD2, 0xD1, 0xD1, 0xD1, 0xD1, 0xD2, 0xD4, 0xD6, 0xD8, 0xDB, 0xD0, 0xDE, 0xE1, 0xE5, 0xE9, 0xEE,
    0xF2, 0xF7, 0xFC, 0x01, 0x06, 0x0A, 0x0F, 0x14, 0x18, 0x1C, 0x1F, 0x23, 0x26, 0x28, 0x2B, 0x2C,
    0x2D, 0x2E, 0x2E, 0x2E, 0x2D, 0x2C, 0x2A, 0x28, 0x25, 0x22, 0x1F, 0xD0, 0x1B, 0x17, 0x13, 0x0E,
    0x0A, 0x05, 0x00, 0xFB, 0xF7, 0xF2, 0xED, 0xE9, 0xE5, 0xE1, 0xDD, 0xDA, 0xD8, 0xD5, 0xD3, 0xD2,
    0xD1, 0xD1, 0xD1, 0xD1, 0xD2, 0xD4, 0xD6, 0xD8, 0xDB, 0xDF, 0xE2, 0xE6, 0xD0, 0xEA, 0xEF, 0xF3,
    0xF8, 0xFD, 0x02, 0x07, 0x0B, 0x10, 0x14, 0x19, 0x1C, 0x20, 0x23, 0x26, 0x29, 0x2B, 0x2C, 0x2E,
    0x2E, 0x2E, 0x2E, 0x2D, 0x2C, 0x2A, 0x28, 0x25, 0x22, 0x1E, 0x1B, 0x16, 0x12, 0xD0, 0x0E, 0x09,
    0x04, 0xFF, 0xFA, 0xF6, 0xF1, 0xEC, 0xE8, 0xE4, 0xE0, 0xDD, 0xDA, 0xD7, 0xD5, 0xD3, 0xD2, 0xD1,
    0xD1, 0xD1, 0xD1, 0xD3, 0xD4, 0xD6, 0xD9, 0xDC, 0xDF, 0xE3, 0xE7, 0xEB, 0xF0, 0xF4, 0xD0, 0xF9,
    0xFE, 0x03, 0x07, 0x0C, 0x11, 0x15, 0x19, 0x1D, 0x21, 0x24, 0x27, 0x29, 0x2B, 0x2D, 0x2E, 0x2E,
    0x2E, 0x2E, 0x2D, 0x2B, 0x2A, 0x27, 0x24, 0x21, 0x1E, 0x1A, 0x16, 0x11, 0x0D, 0x08, 0x03, 0xD0,
    0xFE, 0xFA, 0xF5, 0xF0, 0xEC, 0xE7, 0xE3, 0xE0, 0xDC, 0xD9, 0xD7, 0xD5, 0xD3, 0xD2, 0xD1, 0xD1,
    0xD1, 0xD2, 0xD3, 0xD5, 0xD7, 0xD9, 0xDC, 0xE0, 0xE4, 0xE8, 0xEC, 0xF0, 0xF5, 0xFA, 0xFF, 0x03,
    0xD0, 0x08, 0x0D, 0x12, 0x16, 0x1A, 0x1E, 0x21, 0x25, 0x27, 0x2A, 0x2C, 0x2D, 0x2E, 0x2E, 0x2E,
    0x2E, 0x2D, 0x2B, 0x29, 0x27, 0x24, 0x21, 0x1D, 0x19, 0x15, 0x10, 0x0C, 0x07, 0x02, 0xFE, 0xF9,
    0xF4, 0xD0, 0xEF, 0xEB, 0xE7, 0xE3, 0xDF, 0xDC, 0xD9, 0xD6, 0xD4, 0xD3, 0xD1, 0xD1, 0xD1, 0xD1,
    0xD2, 0xD3, 0xD5, 0xD7, 0xDA, 0xDD, 0xE1, 0xE4, 0xE8, 0xED, 0xF1, 0xF6, 0xFB, 0x00, 0x04, 0x09,
    0x0E, 0x12, 0xD0, 0x17, 0x1B, 0x1F, 0x22, 0x25, 0x28, 0x2A, 0x2C, 0x2D, 0x2E, 0x2E, 0x2E, 0x2E,
    0x2C, 0x2B, 0x29, 0x26, 0x23, 0x20, 0x1C, 0x18, 0x14, 0x10, 0x0B, 0x06, 0x01, 0xFD, 0xF8, 0xF3,
    0xEE, 0xEA, 0xE6, 0xD0, 0xE2, 0xDE, 0xDB, 0xD8, 0xD6, 0xD4, 0xD2, 0xD1, 0xD1, 0xD1, 0xD1, 0xD2,
    0xD3, 0xD5, 0xD8, 0xDA, 0xDE, 0xE1, 0xE5, 0xE9, 0xEE, 0xF2, 0xF7, 0xFC, 0x00, 0x05, 0x0A, 0x0F,
    0x13, 0x17, 0x1B, 0x1F, 0xD0, 0x23, 0x26, 0x28, 0x2A, 0x2C, 0x2D, 0x2E, 0x2E, 0x2E, 0x2D, 0x2C,
    0x2A, 0x28, 0x26, 0x23, 0x1F, 0x1C, 0x18, 0x13, 0x0F, 0x0A, 0x05, 0x01, 0xFC, 0xF7, 0xF2, 0xEE,
    0xE9, 0xE5, 0xE1, 0xDE, 0xDB, 0xD0, 0xD8, 0xD5, 0xD4, 0xD2, 0xD1, 0xD1, 0xD1, 0xD1, 0xD2, 0xD4,
    0xD6, 0xD8, 0xDB, 0xDE, 0xE2, 0xE6, 0xEA, 0xEE, 0xF3, 0xF8, 0xFC, 0x01, 0x06, 0x0B, 0x10, 0x14,
    0x18, 0x1C, 0x20, 0x23, 0x26, 0x29, 0xD0, 0x2B, 0x2C, 0x2E, 0x2E, 0x2E, 0x2E, 0x2D, 0x2C, 0x2A,
    0x28, 0x25, 0x22, 0x1F, 0x1B, 0x17, 0x12, 0x0E, 0x09, 0x04, 0x00, 0xFB, 0xF6, 0xF1, 0xED, 0xE8,
    0xE4, 0xE1, 0xDD, 0xDA, 0xD7, 0xD5, 0xD3, 0xD0, 0xD2, 0xD1, 0xD1, 0xD1, 0xD1, 0xD3, 0xD4, 0xD6,
    0xD9, 0xDC, 0xDF, 0xE3, 0xE7, 0xEB, 0xEF, 0xF4, 0xF9, 0xFD, 0x02, 0x07, 0x0C, 0x10, 0x15, 0x19,
    0x1D, 0x20, 0x24, 0x27, 0x29, 0x2B, 0x2D, 0x2E, 0xD0, 0x2E, 0x2E, 0x2E, 0x2D, 0x2C, 0x2A, 0x27,
    0x25, 0x21, 0x1E, 0x1A, 0x16, 0x12, 0x0D, 0x08, 0x04, 0xFF, 0xFA, 0xF5, 0xF0, 0xEC, 0xE8, 0xE4,
    0xE0, 0xDC, 0xD9, 0xD7, 0xD5, 0xD3, 0xD2, 0xD1, 0xD1, 0xD0, 0xD1, 0xD2, 0xD3, 0xD4, 0xD7, 0xD9,
    0xDC, 0xE0, 0xE3, 0xE7, 0xEC, 0xF0, 0xF5, 0xF9, 0xFE, 0x03, 0x08, 0x0D, 0x11, 0x16, 0x1A, 0x1E,
    0x21, 0x24, 0x27, 0x2A, 0x2B, 0x2D, 0x2E, 0x2E, 0x2E, 0x2E, 0xD0, 0x2D, 0x2B, 0x29, 0x27, 0x24,
    0x21, 0x1D, 0x19, 0x15, 0x11, 0x0C, 0x07, 0x03, 0xFE, 0xF9, 0xF4, 0xF0, 0xEB, 0xE7, 0xE3, 0xDF,
    0xDC, 0xD9, 0xD6, 0xD4, 0xD3, 0xD2, 0xD1, 0xD1, 0xD1, 0xD2, 0xD3, 0xD0, 0xD5, 0xD7, 0xDA, 0xDD,
    0xE0, 0xE4, 0xE8, 0xEC, 0xF1, 0xF6, 0xFA, 0xFF, 0x04, 0x09, 0x0E, 0x12, 0x16, 0x1A, 0x1E, 0x22,
    0x25, 0x28, 0x2A, 0x2C, 0x2D, 0x2E, 0x2E, 0x2E, 0x2E, 0x2D, 0x2B, 0x29, 0xD0, 0x26, 0x23, 0x20,
    0x1D, 0x19, 0x14, 0x10, 0x0B, 0x07, 0x02, 0xFD, 0xF8, 0xF3, 0xEF, 0xEA, 0xE6, 0xE2, 0xDF, 0xDB,
    0xD8, 0xD6, 0xD4, 0xD2, 0xD1, 0xD1, 0xD1, 0xD1, 0xD2, 0xD3, 0xD5, 0xD8, 0xDA, 0xD0, 0xDD, 0xE1,
    0xE5, 0xE9, 0xED, 0xF2, 0xF6, 0xFB, 0x00, 0x05, 0x0A, 0x0E, 0x13, 0x17, 0x1B, 0x1F, 0x22, 0x25,
    0x28, 0x2A, 0x2C, 0x2D, 0x2E, 0x2E, 0x2E, 0x2D, 0x2C, 0x2B, 0x28, 0x26, 0x23, 0x20, 0xD0, 0x1C,
    0x18, 0x14, 0x0F, 0x0A, 0x06, 0x01, 0xFC, 0xF7, 0xF3, 0xEE, 0xEA, 0xE5, 0xE2, 0xDE, 0xDB, 0xD8,
    0xD6, 0xD4, 0xD2, 0xD1, 0xD1, 0xD1, 0xD1, 0xD2, 0xD4, 0xD6, 0xD8, 0xDB, 0xDE, 0xE2, 0xE6, 0xD0,
    0xEA, 0xEE, 0xF3, 0xF7, 0xFC, 0x01, 0x06, 0x0B, 0x0F, 0x14, 0x18, 0x1C, 0x20, 0x23, 0x26, 0x29,
    0x2B, 0x2C, 0x2D, 0x2E, 0x2E, 0x2E, 0x2D, 0x2C, 0x2A, 0x28, 0x25, 0x22, 0x1F, 0x1B, 0x17, 0x13,
    0xD0, 0x0E, 0x0A, 0x05, 0x00, 0xFB, 0xF6, 0xF2, 0xED, 0xE9, 0xE5, 0xE1, 0xDD, 0xDA, 0xD7, 0xD5,
    0xD3, 0xD2, 0xD1, 0xD1, 0xD1, 0xD1, 0xD2, 0xD4, 0xD6, 0xD9, 0xDB, 0xDF, 0xE2, 0xE6, 0xEA, 0xEF,
    0xF4, 0xD0, 0xF8, 0xFD, 0x02, 0x07, 0x0B, 0x10, 0x15, 0x19, 0x1D, 0x20, 0x24, 0x26, 0x29, 0x2B,
    0x2D, 0x2E, 0x2E, 0x2E, 0x2E, 0x2D, 0x2C, 0x2A, 0x28, 0x25, 0x22, 0x1E, 0x1A, 0x16, 0x12, 0x0D,
    0x09, 0x04, 0xD0, 0xFF, 0xFA, 0xF5, 0xF1, 0xEC, 0xE8, 0xE4, 0xE0, 0xDD, 0xDA, 0xD7, 0xD5, 0xD3,
    0xD2, 0xD1, 0xD1, 0xD1, 0xD1, 0xD3, 0xD4, 0xD6, 0xD9, 0xDC, 0xDF, 0xE3, 0xE7, 0xEB, 0xF0, 0xF4,
    0xF9, 0xFE, 0x03, 0xD0, 0x08, 0x0C, 0x11, 0x15, 0x1A, 0x1D, 0x21, 0x24, 0x27, 0x29, 0x2B, 0x2D,
    0x2E, 0x2E, 0x2E, 0x2E, 0x2D, 0x2B, 0x29, 0x27, 0x24, 0x21, 0x1E, 0x1A, 0x15, 0x11, 0x0C, 0x08,
    0x03, 0xFE, 0xF9, 0xF5, 0xD0, 0xF0, 0xEB, 0xE7, 0xE3, 0xDF, 0xDC, 0xD9, 0xD7, 0xD4, 0xD3, 0xD2,
    0xD1, 0xD1, 0xD1, 0xD2, 0xD3, 0xD5, 0xD7, 0xDA, 0xDD, 0xE0, 0xE4, 0xE8, 0xEC, 0xF1, 0xF5, 0xFA,
    0xFF, 0x04, 0x09, 0x0D, 0x12, 0xD0, 0x16, 0x1A, 0x1E, 0x22, 0x25, 0x27, 0x2A, 0x2C, 0x2D, 0x2E,
    0x2E, 0x2E, 0x2E, 0x2D, 0x2B, 0x29, 0x27, 0x24, 0x20, 0x1D, 0x19, 0x15, 0x10, 0x0C, 0x07, 0x02,
    0xFD, 0xF8, 0xF4, 0xEF, 0xEB, 0xE6, 0xD0, 0xE2, 0xDF, 0xDC, 0xD9, 0xD6, 0xD4, 0xD2, 0xD1, 0xD1,
    0xD1, 0xD1, 0xD2, 0xD3, 0xD5, 0xD7, 0xDA, 0xDD, 0xE1, 0xE5, 0xE9, 0xED, 0xF2, 0xF6, 0xFB, 0x00,
    0x05, 0x09, 0x0E, 0x13, 0x17, 0x1B, 0x1F, 0xD0, 0x22, 0x25, 0x28, 0x2A, 0x2C, 0x2D, 0x2E, 0x2E,
    0x2E, 0x2E, 0x2C, 0x2B, 0x29, 0x26, 0x23, 0x20, 0x1C, 0x18, 0x14, 0x0F, 0x0B, 0x06, 0x01, 0xFC,
    0xF8, 0xF3, 0xEE, 0xEA, 0xE6, 0xE2, 0xDE, 0xDB, 0xD0, 0xD8, 0xD6, 0xD4, 0xD2, 0xD1, 0xD1, 0xD1,
    0xD1, 0xD2, 0xD4, 0xD5, 0xD8, 0xDB, 0xDE, 0xE1, 0xE5, 0xE9, 0xEE, 0xF2, 0xF7, 0xFC, 0x01, 0x06,
    0x0A, 0x0F, 0x13, 0x18, 0x1C, 0x1F, 0x23, 0x26, 0x28, 0xD0, 0x2B, 0x2C, 0x2D, 0x2E, 0x2E, 0x2E,
    0x2D, 0x2C, 0x2A, 0x28, 0x26, 0x23, 0x1F, 0x1B, 0x17, 0x13, 0x0F, 0x0A, 0x05, 0x00, 0xFB, 0xF7,
    0xF2, 0xED, 0xE9, 0xE5, 0xE1, 0xDE, 0xDA, 0xD8, 0xD5, 0xD3, 0xD0, 0xD2, 0xD1, 0xD1, 0xD1, 0xD1,
    0xD2, 0xD4, 0xD6, 0xD8, 0xDB, 0xDE, 0xE2, 0xE6, 0xEA, 0xEF, 0xF3, 0xF8, 0xFD, 0x02, 0x06, 0x0B,
    0x10, 0x14, 0x18, 0x1C, 0x20, 0x23, 0x26, 0x29, 0x2B, 0x2C, 0x2E, 0xD0, 0x2E, 0x2E, 0x2E, 0x2D,
    0x2C, 0x2A, 0x28, 0x25, 0x22, 0x1E, 0x1B, 0x17, 0x12, 0x0E, 0x09, 0x04, 0xFF, 0xFB, 0xF6, 0xF1,
    0xED, 0xE8, 0xE4, 0xE0, 0xDD, 0xDA, 0xD7, 0xD5, 0xD3, 0xD2, 0xD1, 0xD1, 0xD0, 0xD1, 0xD1, 0xD3,
    0xD4, 0xD6, 0xD9, 0xDC, 0xDF, 0xE3, 0xE7, 0xEB, 0xEF, 0xF4, 0xF9, 0xFE, 0x03, 0x07, 0x0C, 0x11,
    0x15, 0x19, 0x1D, 0x21, 0x24, 0x27, 0x29, 0x2B, 0x2D, 0x2E, 0x2E, 0x2E, 0x2E, 0xD0, 0x2D, 0x2B,
    0x2A, 0x27, 0x24, 0x21, 0x1E, 0x1A, 0x16, 0x11, 0x0D, 0x08, 0x03, 0xFE, 0xFA, 0xF5, 0xF0, 0xEC,
    0xE7, 0xE3, 0xE0, 0xDC, 0xD9, 0xD7, 0xD5, 0xD3, 0xD2, 0xD1, 0xD1, 0xD1, 0xD2, 0xD3, 0xD0, 0xD5,
    0xD7, 0xD9, 0xDC, 0xE0, 0xE4, 0xE8, 0xEC, 0xF0, 0xF5, 0xFA, 0xFF, 0x03, 0x08, 0x0D, 0x11, 0x16,
    0x1A, 0x1E, 0x21, 0x24, 0x27, 0x2A, 0x2C, 0x2D, 0x2E, 0x2E, 0x2E, 0x2E, 0x2D, 0x2B, 0x29, 0xD0,
    0x27, 0x24, 0x21, 0x1D, 0x19, 0x15, 0x11, 0x0C, 0x07, 0x02, 0xFE, 0xF9, 0xF4, 0xEF, 0xEB, 0xE7,
    0xE3, 0xDF, 0xDC, 0xD9, 0xD6, 0xD4, 0xD3, 0xD1, 0xD1, 0xD1, 0xD1, 0xD2, 0xD3, 0xD5, 0xD7, 0xDA,
    0xD0, 0xDD, 0xE0, 0xE4, 0xE8, 0xED, 0xF1, 0xF6, 0xFB, 0xFF, 0x04, 0x09, 0x0E, 0x12, 0x17, 0x1B,
    0x1E, 0x22, 0x25, 0x28, 0x2A, 0x2C, 0x2D, 0x2E, 0x2E, 0x2E, 0x2E, 0x2C, 0x2B, 0x29, 0x26, 0x23,
    0x20, 0xD0, 0x1C, 0x18, 0x14, 0x10, 0x0B, 0x06, 0x02, 0xFD, 0xF8, 0xF3, 0xEF, 0xEA, 0xE6, 0xE2,
    0xDE, 0xDB, 0xD8, 0xD6, 0xD4, 0xD2, 0xD1, 0xD1, 0xD1, 0xD1, 0xD2, 0xD3, 0xD5, 0xD8, 0xDA, 0xDE,
    0xE1, 0xE5, 0xD0, 0xE9, 0xED, 0xF2, 0xF7, 0xFC, 0x00, 0x05, 0x0A, 0x0F, 0x13, 0x17, 0x1B, 0x1F,
    0x23, 0x26, 0x28, 0x2A, 0x2C, 0x2D, 0x2E, 0x2E, 0x2E, 0x2D, 0x2C, 0x2A, 0x28, 0x26, 0x23, 0x1F,
    0x1C, 0x18, 0x13, 0xD0, 0x0F, 0x0A, 0x05, 0x01, 0xFC, 0xF7, 0xF2, 0xEE, 0xE9, 0xE5, 0xE1, 0xDE,
    0xDB, 0xD8, 0xD5, 0xD4, 0xD2, 0xD1, 0xD1, 0xD1, 0xD1, 0xD2, 0xD4, 0xD6, 0xD8, 0xDB, 0xDE, 0xE2,
    0xE6, 0xEA, 0xEE, 0xF3, 0xD0, 0xF8, 0xFC, 0x01, 0x06, 0x0B, 0x0F, 0x14, 0x18, 0x1C, 0x20, 0x23,
    0x26, 0x29, 0x2B, 0x2C, 0x2E, 0x2E, 0x2E, 0x2E, 0x2D, 0x2C, 0x2A, 0x28, 0x25, 0x22, 0x1F, 0x1B,
    0x17, 0x13, 0x0E, 0x09, 0x05, 0xD0, 0x00, 0xFB, 0xF6, 0xF1, 0xED, 0xE9, 0xE4, 0xE1, 0xDD, 0xDA,
    0xD7, 0xD5, 0xD3, 0xD2, 0xD1, 0xD1, 0xD1, 0xD1, 0xD3, 0xD4, 0xD6, 0xD9, 0xDC, 0xDF, 0xE3, 0xE6,
    0xEB, 0xEF, 0xF4, 0xF8, 0xFD, 0x02, 0xD0, 0x07, 0x0C, 0x10, 0x15, 0x19, 0x1D, 0x20, 0x24, 0x27,
    0x29, 0x2B, 0x2D, 0x2E, 0x2E, 0x2E, 0x2E, 0x2D, 0x2C, 0x2A, 0x27, 0x25, 0x22, 0x1E, 0x1A, 0x16,
    0x12, 0x0D, 0x08, 0x04, 0xFF, 0xFA, 0xF5, 0xD0, 0xF1, 0xEC, 0xE8, 0xE4, 0xE0, 0xDD, 0xDA, 0xD7,
    0xD5, 0xD3, 0xD2, 0xD1, 0xD1, 0xD1, 0xD2, 0xD3, 0xD4, 0xD7, 0xD9, 0xDC, 0xE0, 0xE3, 0xE7, 0xEC,
    0xF0, 0xF5, 0xF9, 0xFE, 0x03, 0x08, 0x0D, 0x11, 0xD0, 0x16, 0x1A, 0x1E, 0x21, 0x24, 0x27, 0x29,
    0x2B, 0x2D, 0x2E, 0x2E, 0x2E, 0x2E, 0x2D, 0x2B, 0x29, 0x27, 0x24, 0x21, 0x1D, 0x19, 0x15, 0x11,
    0x0C, 0x08, 0x03, 0xFE, 0xF9, 0xF4, 0xF0, 0xEB, 0xE7, 0xD0, 0xE3, 0xDF, 0xDC, 0xD9, 0xD6, 0xD4,
    0xD3, 0xD2, 0xD1, 0xD1, 0xD1, 0xD2, 0xD3, 0xD5, 0xD7, 0xDA, 0xDD, 0xE0, 0xE4, 0xE8, 0xEC, 0xF1,
    0xF5, 0xFA, 0xFF, 0x04, 0x09, 0x0D, 0x12, 0x16, 0x1A, 0x1E, 0xD0, 0x22, 0x25, 0x28, 0x2A, 0x2C,
    0x2D, 0x2E, 0x2E, 0x2E, 0x2E, 0x2D, 0x2B, 0x29, 0x26, 0x24, 0x20, 0x1D, 0x19, 0x14, 0x10, 0x0B,
    0x07, 0x02, 0xFD, 0xF8, 0xF3, 0xEF, 0xEA, 0xE6, 0xE2, 0xDF, 0xDB, 0xD0, 0xD9, 0xD6, 0xD4, 0xD2,
    0xD1, 0xD1, 0xD1, 0xD1, 0xD2, 0xD3, 0xD5, 0xD8, 0xDA, 0xDD, 0xE1, 0xE5, 0xE9, 0xED, 0xF2, 0xF6,
    0xFB, 0x00, 0x05, 0x0A, 0x0E, 0x13, 0x17, 0x1B, 0x1F, 0x22, 0x25, 0x28, 0xD0, 0x2A, 0x2C, 0x2D,
    0x2E, 0x2E, 0x2E, 0x2D, 0x2C, 0x2B, 0x28, 0x26, 0x23, 0x20, 0x1C, 0x18, 0x14, 0x0F, 0x0B, 0x06,
    0x01, 0xFC, 0xF7, 0xF3, 0xEE, 0xEA, 0xE5, 0xE2, 0xDE, 0xDB, 0xD8, 0xD6, 0xD4, 0xD0, 0xD2, 0xD1,
    0xD1, 0xD1, 0xD1, 0xD2, 0xD4, 0xD6, 0xD8, 0xDB, 0xDE, 0xE2, 0xE5, 0xEA, 0xEE, 0xF3, 0xF7, 0xFC,
    0x01, 0x06, 0x0B, 0x0F, 0x14, 0x18, 0x1C, 0x20, 0x23, 0x26, 0x28, 0x2B, 0x2C, 0x2D, 0xD0, 0x2E,
    0x2E, 0x2E, 0x2D, 0x2C, 0x2A, 0x28, 0x25, 0x22, 0x1F, 0x1B, 0x17, 0x13, 0x0E, 0x0A, 0x05, 0x00,
    0xFB, 0xF6, 0xF2, 0xED, 0xE9, 0xE5, 0xE1, 0xDD, 0xDA, 0xD8, 0xD5, 0xD3, 0xD2, 0xD1, 0xD1, 0xD0,
    0xD1, 0xD1, 0xD2, 0xD4, 0xD6, 0xD8, 0xDB, 0xDF, 0xE2, 0xE6, 0xEA, 0xEF, 0xF3, 0xF8, 0xFD, 0x02,
    0x07, 0x0B, 0x10, 0x14, 0x19, 0x1D, 0x20, 0x24, 0x26, 0x29, 0x2B, 0x2D, 0x2E, 0x2E, 0x2E, 0x2E,
    0xD0, 0x2D, 0x2C, 0x2A, 0x28, 0x25, 0x22, 0x1E, 0x1A, 0x16, 0x12, 0x0D, 0x09, 0x04, 0xFF, 0xFA,
    0xF6, 0xF1, 0xEC, 0xE8, 0xE4, 0xE0, 0xDD, 0xDA, 0xD7, 0xD5, 0xD3, 0xD2, 0xD1, 0xD1, 0xD1, 0xD2,
    0xD3, 0xD0, 0xD4, 0xD6, 0xD9, 0xDC, 0xDF, 0xE3, 0xE7, 0xEB, 0xF0, 0xF4, 0xF9, 0xFE, 0x03, 0x08,
    0x0C, 0x11, 0x15, 0x19, 0x1D, 0x21, 0x24, 0x27, 0x29, 0x2B, 0x2D, 0x2E, 0x2E, 0x2E, 0x2E, 0x2D,
    0x2B, 0x29, 0xD0, 0x27, 0x24, 0x21, 0x1E, 0x1A, 0x16, 0x11, 0x0D, 0x08, 0x03, 0xFE, 0xF9, 0xF5,
    0xF0, 0xEC, 0xE7, 0xE3, 0xE0, 0xDC, 0xD9, 0xD7, 0xD4, 0xD3, 0xD2, 0xD1, 0xD1, 0xD1, 0xD2, 0xD3,
    0xD5, 0xD7, 0xDA, 0xD0, 0xDD, 0xE0, 0xE4, 0xE8, 0xEC, 0xF1, 0xF5, 0xFA, 0xFF, 0x04, 0x08, 0x0D,
    0x12, 0x16, 0x1A, 0x1E, 0x21, 0x25, 0x27, 0x2A, 0x2C, 0x2D, 0x2E, 0x2E, 0x2E, 0x2E, 0x2D, 0x2B,
    0x29, 0x27, 0x24, 0x20, 0xD0, 0x1D, 0x19, 0x15, 0x10, 0x0C, 0x07, 0x02, 0xFD, 0xF9, 0xF4, 0xEF,
    0xEB, 0xE7, 0xE3, 0xDF, 0xDC, 0xD9, 0xD6, 0xD4, 0xD3, 0xD1, 0xD1, 0xD1, 0xD1, 0xD2, 0xD3, 0xD5,
    0xD7, 0xDA, 0xDD, 0xE1, 0xE4, 0xD0, 0xE9, 0xED, 0xF1, 0xF6, 0xFB, 0x00, 0x05, 0x09, 0x0E, 0x12,
    0x17, 0x1B, 0x1F, 0x22, 0x25, 0x28, 0x2A, 0x2C, 0x2D, 0x2E, 0x2E, 0x2E, 0x2E, 0x2C, 0x2B, 0x29,
    0x26, 0x23, 0x20, 0x1C, 0x18, 0x14, 0xD0, 0x0F, 0x0B, 0x06, 0x01, 0xFC, 0xF8, 0xF3, 0xEE, 0xEA,
    0xE6, 0xE2, 0xDE, 0xDB, 0xD8, 0xD6, 0xD4, 0xD2, 0xD1, 0xD1, 0xD1, 0xD1, 0xD2, 0xD4, 0xD5, 0xD8,
    0xDB, 0xDE, 0xE1, 0xE5, 0xE9, 0xEE, 0xF2, 0xD0, 0xF7, 0xFC, 0x01, 0x05, 0x0A, 0x0F, 0x13, 0x18,
    0x1C, 0x1F, 0x23, 0x26, 0x28, 0x2A, 0x2C, 0x2D, 0x2E, 0x2E, 0x2E, 0x2D, 0x2C, 0x2A, 0x28, 0x26,
    0x23, 0x1F, 0x1B, 0x17, 0x13, 0x0F, 0x0A, 0x05, 0xD0, 0x00, 0xFC, 0xF7, 0xF2, 0xED, 0xE9, 0xE5,
    0xE1, 0xDE, 0xDA, 0xD8, 0xD5, 0xD3, 0xD2, 0xD1, 0xD1, 0xD1, 0xD1, 0xD2, 0xD4, 0xD6, 0xD8, 0xDB,
    0xDE, 0xE2, 0xE6, 0xEA, 0xEF, 0xF3, 0xF8, 0xFD, 0x01, 0xD0, 0x06, 0x0B, 0x10, 0x14, 0x18, 0x1C,
    0x20, 0x23, 0x26, 0x29, 0x2B, 0x2C, 0x2E, 0x2E, 0x2E, 0x2E, 0x2D, 0x2C, 0x2A, 0x28, 0x25, 0x22,
    0x1F, 0x1B, 0x17, 0x12, 0x0E, 0x09, 0x04, 0xFF, 0xFB, 0xF6, 0xD0, 0xF1, 0xED, 0xE8, 0xE4, 0xE0,
    0xDD, 0xDA, 0xD7, 0xD5, 0xD3, 0xD2, 0xD1, 0xD1, 0xD1, 0xD1, 0xD3, 0xD4, 0xD6, 0xD9, 0xDC, 0xDF,
    0xE3, 0xE7, 0xEB, 0xEF, 0xF4, 0xF9, 0xFE, 0x02, 0x07, 0x0C, 0x11, 0xD0, 0x15, 0x19, 0x1D, 0x21,
    0x24, 0x27, 0x29, 0x2B, 0x2D, 0x2E, 0x2E, 0x2E, 0x2E, 0x2D, 0x2C, 0x2A, 0x27, 0x25, 0x21, 0x1E,
    0x1A, 0x16, 0x11, 0x0D, 0x08, 0x03, 0xFF, 0xFA, 0xF5, 0xF0, 0xEC, 0xE8, 0xD0, 0xE4, 0xE0, 0xDC,
    0xD9, 0xD7, 0xD5, 0xD3, 0xD2, 0xD1, 0xD1, 0xD1, 0xD2, 0xD3, 0xD5, 0xD7, 0xD9, 0xDC, 0xE0, 0xE3,
    0xE7, 0xEC, 0xF0, 0xF5, 0xFA, 0xFE, 0x03, 0x08, 0x0D, 0x11, 0x16, 0x1A, 0x1E, 0xD0, 0x21, 0x24,
    0x27, 0x2A, 0x2B, 0x2D, 0x2E, 0x2E, 0x2E, 0x2E, 0x2D, 0x2B, 0x29, 0x27, 0x24, 0x21, 0x1D, 0x19,
    0x15, 0x11, 0x0C, 0x07, 0x03, 0xFE, 0xF9, 0xF4, 0xEF, 0xEB, 0xE7, 0xE3, 0xDF, 0xDC, 0xD0, 0xD9,
    0xD6, 0xD4, 0xD3, 0xD1, 0xD1, 0xD1, 0xD1, 0xD2, 0xD3, 0xD5, 0xD7, 0xDA, 0xDD, 0xE0, 0xE4, 0xE8,
    0xED, 0xF1, 0xF6, 0xFB, 0xFF, 0x04, 0x09, 0x0E, 0x12, 0x17, 0x1B, 0x1E, 0x22, 0x25, 0x28, 0xD0,
    0x2A, 0x2C, 0x2D, 0x2E, 0x2E, 0x2E, 0x2E, 0x2C, 0x2B, 0x29, 0x26, 0x23, 0x20, 0x1C, 0x18, 0x14,
    0x10, 0x0B, 0x06, 0x02, 0xFD, 0xF8, 0xF3, 0xEF, 0xEA, 0xE6, 0xE2, 0xDE, 0xDB, 0xD8, 0xD6, 0xD4,
    0xD0, 0xD2, 0xD1, 0xD1, 0xD1, 0xD1, 0xD2, 0xD3, 0xD5, 0xD8, 0xDA, 0xDE, 0xE1, 0xE5, 0xE9, 0xED,
    0xF2, 0xF7, 0xFB, 0x00, 0x05, 0x0A, 0x0F, 0x13, 0x17, 0x1B, 0x1F, 0x23, 0x26, 0x28, 0x2A, 0x2C,
    0x2D, 0xD0, 0x2E, 0x2E, 0x2E, 0x2D, 0x2C, 0x2B, 0x28, 0x26, 0x23, 0x1F, 0x1C, 0x18, 0x13, 0x0F,
    0x0A, 0x06, 0x01, 0xFC, 0xF7, 0xF2, 0xEE, 0xE9, 0xE5, 0xE1, 0xDE, 0xDB, 0xD8, 0xD5, 0xD4, 0xD2,
    0xD1, 0xD1, 0xD0, 0xD1, 0xD1, 0xD2, 0xD4, 0xD6, 0xD8, 0xDB, 0xDE, 0xE2, 0xE6, 0xEA, 0xEE, 0xF3,
    0xF8, 0xFC, 0x01, 0x06, 0x0B, 0x0F, 0x14, 0x18, 0x1C, 0x20, 0x23, 0x26, 0x29, 0x2B, 0x2C, 0x2E,
    0x2E, 0x2E, 0x2E, 0xD0, 0x2D, 0x2C, 0x2A, 0x28, 0x25, 0x22, 0x1F, 0x1B, 0x17, 0x13, 0x0E, 0x09,
    0x05, 0x00, 0xFB, 0xF6, 0xF1, 0xED, 0xE9, 0xE5, 0xE1, 0xDD, 0xDA, 0xD7, 0xD5, 0xD3, 0xD2, 0xD1,
    0xD1, 0xD1, 0xD1, 0xD2, 0xD0, 0xD4, 0xD6, 0xD9, 0xDC, 0xDF, 0xE2, 0xE6, 0xEB, 0xEF, 0xF4, 0xF8,
    0xFD, 0x02, 0x07, 0x0C, 0x10, 0x15, 0x19, 0x1D, 0x20, 0x24, 0x27, 0x29, 0x2B, 0x2D, 0x2E, 0x2E,
    0x2E, 0x2E, 0x2D, 0x2C, 0x2A, 0xD0, 0x27, 0x25, 0x22, 0x1E, 0x1A, 0x16, 0x12, 0x0D, 0x09, 0x04,
    0xFF, 0xFA, 0xF5, 0xF1, 0xEC, 0xE8, 0xE4, 0xE0, 0xDD, 0xDA, 0xD7, 0xD5, 0xD3, 0xD2, 0xD1, 0xD1,
    0xD1, 0xD2, 0xD3, 0xD4, 0xD7, 0xD9, 0xD0, 0xDC, 0xDF, 0xE3, 0xE7, 0xEB, 0xF0, 0xF5, 0xF9, 0xFE,
    0x03, 0x08, 0x0C, 0x11, 0x15, 0x1A, 0x1D, 0x21, 0x24, 0x27, 0x29, 0x2B, 0x2D, 0x2E, 0x2E, 0x2E,
    0x2E, 0x2D, 0x2B, 0x29, 0x27, 0x24, 0x21, 0xD0, 0x1D, 0x1A, 0x15, 0x11, 0x0C, 0x08, 0x03, 0xFE,
    0xF9, 0xF4, 0xF0, 0xEB, 0xE7, 0xE3, 0xDF, 0xDC, 0xD9, 0xD7, 0xD4, 0xD3, 0xD2, 0xD1, 0xD1, 0xD1,
    0xD2, 0xD3, 0xD5, 0xD7, 0xDA, 0xDD, 0xE0, 0xE4, 0xD0, 0xE8, 0xEC, 0xF1, 0xF5, 0xFA, 0xFF, 0x04,
    0x09, 0x0D, 0x12, 0x16, 0x1A, 0x1E, 0x22, 0x25, 0x28, 0x2A, 0x2C, 0x2D, 0x2E, 0x2E, 0x2E, 0x2E,
    0x2D, 0x2B, 0x29, 0x27, 0x24, 0x20, 0x1D, 0x19, 0x15, 0xD0, 0x10, 0x0C, 0x07, 0x02, 0xFD, 0xF8,
    0xF4, 0xEF, 0xEB, 0xE6, 0xE2, 0xDF, 0xDB, 0xD9, 0xD6, 0xD4, 0xD2, 0xD1, 0xD1, 0xD1, 0xD1, 0xD2,
    0xD3, 0xD5, 0xD7, 0xDA, 0xDD, 0xE1, 0xE5, 0xE9, 0xED, 0xF2, 0xD0, 0xF6, 0xFB, 0x00, 0x05, 0x0A,
    0x0E, 0x13, 0x17, 0x1B, 0x1F, 0x22, 0x25, 0x28, 0x2A, 0x2C, 0x2D, 0x2E, 0x2E, 0x2E, 0x2D, 0x2C,
    0x2B, 0x28, 0x26, 0x23, 0x20, 0x1C, 0x18, 0x14, 0x0F, 0x0B, 0x06, 0xD0, 0x01, 0xFC, 0xF7, 0xF3,
    0xEE, 0xEA, 0xE6, 0xE2, 0xDE, 0xDB, 0xD8, 0xD6, 0xD4, 0xD2, 0xD1, 0xD1, 0xD1, 0xD1, 0xD2, 0xD4,
    0xD6, 0xD8, 0xDB, 0xDE, 0xE2, 0xE5, 0xEA, 0xEE, 0xF2, 0xF7, 0xFC, 0x01, 0xD0, 0x06, 0x0A, 0x0F,
    0x14, 0x18, 0x1C, 0x1F, 0x23, 0x26, 0x28, 0x2B, 0x2C, 0x2D, 0x2E, 0x2E, 0x2E, 0x2D, 0x2C, 0x2A,
    0x28, 0x25, 0x22, 0x1F, 0x1B, 0x17, 0x13, 0x0E, 0x0A, 0x05, 0x00, 0xFB, 0xF7, 0xD0, 0xF2, 0xED,
    0xE9, 0xE5, 0xE1, 0xDD, 0xDA, 0xD8, 0xD5, 0xD3, 0xD2, 0xD1, 0xD1, 0xD1, 0xD1, 0xD2, 0xD4, 0xD6,
    0xD8, 0xDB, 0xDF, 0xE2, 0xE6, 0xEA, 0xEF, 0xF3, 0xF8, 0xFD, 0x02, 0x07, 0x0B, 0x10, 0xD0, 0x14,
    0x19, 0x1D, 0x20, 0x23, 0x26, 0x29, 0x2B, 0x2C, 0x2E, 0x2E, 0x2E, 0x2E, 0x2D, 0x2C, 0x2A, 0x28,
    0x25, 0x22, 0x1E, 0x1B, 0x16, 0x12, 0x0E, 0x09, 0x04, 0xFF, 0xFA, 0xF6, 0xF1, 0xEC, 0xE8, 0xD0,
    0xE4, 0xE0, 0xDD, 0xDA, 0xD7, 0xD5, 0xD3, 0xD2, 0xD1, 0xD1, 0xD1, 0xD1, 0xD3, 0xD4, 0xD6, 0xD9,
    0xDC, 0xDF, 0xE3, 0xE7, 0xEB, 0xF0, 0xF4, 0xF9, 0xFE, 0x03, 0x07, 0x0C, 0x11, 0x15, 0x19, 0x1D,
    0xD0, 0x21, 0x24, 0x27, 0x29, 0x2B, 0x2D, 0x2E, 0x2E, 0x2E, 0x2E, 0x2D, 0x2B, 0x2A, 0x27, 0x24,
    0x21, 0x1E, 0x1A, 0x16, 0x11, 0x0D, 0x08, 0x03, 0xFE, 0xF9, 0xF5, 0xF0, 0xEC, 0xE7, 0xE3, 0xE0,
    0xDC, 0xD0, 0xD9, 0xD7, 0xD4, 0xD3, 0xD2, 0xD1, 0xD1, 0xD1, 0xD2, 0xD3, 0xD5, 0xD7, 0xD9, 0xDC,
    0xE0, 0xE4, 0xE8, 0xEC, 0xF0, 0xF5, 0xFA, 0xFF, 0x04, 0x08, 0x0D, 0x12, 0x16, 0x1A, 0x1E, 0x21,
    0x25, 0x27, 0xD0, 0x2A, 0x2C, 0x2D, 0x2E, 0x2E, 0x2E, 0x2E, 0x2D, 0x2B, 0x29, 0x27, 0x24, 0x21,
    0x1D, 0x19, 0x15, 0x10, 0x0C, 0x07, 0x02, 0xFD, 0xF9, 0xF4, 0xEF, 0xEB, 0xE7, 0xE3, 0xDF, 0xDC,
    0xD9, 0xD6, 0xD4, 0xD0, 0xD3, 0xD1, 0xD1, 0xD1, 0xD1, 0xD2, 0xD3, 0xD5, 0xD7, 0xDA, 0xDD, 0xE1,
    0xE4, 0xE8, 0xED, 0xF1, 0xF6, 0xFB, 0x00, 0x04, 0x09, 0x0E, 0x12, 0x17, 0x1B, 0x1F, 0x22, 0x25,
    0x28, 0x2A, 0x2C, 0x2D, 0xD0, 0x2E, 0x2E, 0x2E, 0x2E, 0x2C, 0x2B, 0x29, 0x26, 0x23, 0x20, 0x1C,
    0x18, 0x14, 0x10, 0x0B, 0x06, 0x01, 0xFD, 0xF8, 0xF3, 0xEE, 0xEA, 0xE6, 0xE2, 0xDE, 0xDB, 0xD8,
    0xD6, 0xD4, 0xD2, 0xD1, 0xD1, 0xD0, 0xD1, 0xD1, 0xD2, 0xD4, 0xD5, 0xD8, 0xDB, 0xDE, 0xE1, 0xE5,
    0xE9, 0xEE, 0xF2, 0xF7, 0xFC, 0x01, 0x05, 0x0A, 0x0F, 0x13, 0x18, 0x1C, 0x1F, 0x23, 0x26, 0x28,
    0x2A, 0x2C, 0x2D, 0x2E, 0x2E, 0x2E, 0xD0, 0x2D, 0x2C, 0x2A, 0x28, 0x26, 0x23, 0x1F, 0x1B, 0x17,
    0x13, 0x0F, 0x0A, 0x05, 0x00, 0xFC, 0xF7, 0xF2, 0xEE, 0xE9, 0xE5, 0xE1, 0xDE, 0xDB, 0xD8, 0xD5,
    0xD4, 0xD2, 0xD1, 0xD1, 0xD1, 0xD1, 0xD2, 0xD0, 0xD4, 0xD6, 0xD8, 0xDB, 0xDE, 0xE2, 0xE6, 0xEA,
    0xEE, 0xF3, 0xF8, 0xFD, 0x01, 0x06, 0x0B, 0x10, 0x14, 0x18, 0x1C, 0x20, 0x23, 0x26, 0x29, 0x2B,
    0x2C, 0x2E, 0x2E, 0x2E, 0x2E, 0x2D, 0x2C, 0x2A, 0xD0, 0x28, 0x25, 0x22, 0x1F, 0x1B, 0x17, 0x12,
    0x0E, 0x09, 0x04, 0x00, 0xFB, 0xF6, 0xF1, 0xED, 0xE8, 0xE4, 0xE1, 0xDD, 0xDA, 0xD7, 0xD5, 0xD3,
    0xD2, 0xD1, 0xD1, 0xD1, 0xD1, 0xD3, 0xD4, 0xD6, 0xD9, 0xD0, 0xDC, 0xDF, 0xE3, 0xE7, 0xEB, 0xEF,
    0xF4, 0xF9, 0xFD, 0x02, 0x07, 0x0C, 0x10, 0x15, 0x19, 0x1D, 0x21, 0x24, 0x27, 0x29, 0x2B, 0x2D,
    0x2E, 0x2E, 0x2E, 0x2E, 0x2D, 0x2C, 0x2A, 0x27, 0x25, 0x21, 0xD0, 0x1E, 0x1A, 0x16, 0x12, 0x0D,
    0x08, 0x03, 0xFF, 0xFA, 0xF5, 0xF0, 0xEC, 0xE8, 0xE4, 0xE0, 0xDC, 0xD9, 0xD7, 0xD5, 0xD3, 0xD2,
    0xD1, 0xD1, 0xD1, 0xD2, 0xD3, 0xD4, 0xD7, 0xD9, 0xDC, 0xE0, 0xE3, 0xD0, 0xE7, 0xEC, 0xF0, 0xF5,
    0xFA, 0xFE, 0x03, 0x08, 0x0D, 0x11, 0x16, 0x1A, 0x1E, 0x21, 0x24, 0x27, 0x2A, 0x2B, 0x2D, 0x2E,
    0x2E, 0x2E, 0x2E, 0x2D, 0x2B, 0x29, 0x27, 0x24, 0x21, 0x1D, 0x19, 0x15, 0xD0, 0x11, 0x0C, 0x07,
    0x03, 0xFE, 0xF9, 0xF4, 0xF0, 0xEB, 0xE7, 0xE3, 0xDF, 0xDC, 0xD9, 0xD6, 0xD4, 0xD3, 0xD1, 0xD1,
    0xD1, 0xD1, 0xD2, 0xD3, 0xD5, 0xD7, 0xDA, 0xDD, 0xE0, 0xE4, 0xE8, 0xEC, 0xF1, 0xD0, 0xF6, 0xFA,
    0xFF, 0x04, 0x09, 0x0E, 0x12, 0x16, 0x1B, 0x1E, 0x22, 0x25, 0x28, 0x2A, 0x2C, 0x2D, 0x2E, 0x2E,
    0x2E, 0x2E, 0x2D, 0x2B, 0x29, 0x26, 0x23, 0x20, 0x1C, 0x19, 0x14, 0x10, 0x0B, 0x06, 0xD0, 0x02,
    0xFD, 0xF8, 0xF3, 0xEF, 0xEA, 0xE6, 0xE2, 0xDF, 0xDB, 0xD8, 0xD6, 0xD4, 0xD2, 0xD1, 0xD1, 0xD1,
    0xD1, 0xD2, 0xD3, 0xD5, 0xD8, 0xDA, 0xDD, 0xE1, 0xE5, 0xE9, 0xED, 0xF2, 0xF7, 0xFB, 0x00, 0xD0,
    0x05, 0x0A, 0x0E, 0x13, 0x17, 0x1B, 0x1F, 0x22, 0x25, 0x28, 0x2A, 0x2C, 0x2D, 0x2E, 0x2E, 0x2E,
    0x2D, 0x2C, 0x2B, 0x28, 0x26, 0x23, 0x1F, 0x1C, 0x18, 0x14, 0x0F, 0x0A, 0x06, 0x01, 0xFC, 0xF7,
    0xD0, 0xF2, 0xEE, 0xE9, 0xE5, 0xE1, 0xDE, 0xDB, 0xD8, 0xD6, 0xD4, 0xD2, 0xD1, 0xD1, 0xD1, 0xD1,
    0xD2, 0xD4, 0xD6, 0xD8, 0xDB, 0xDE, 0xE2, 0xE6, 0xEA, 0xEE, 0xF3, 0xF7, 0xFC, 0x01, 0x06, 0x0B,
    0x0F, 0xD0, 0x14, 0x18, 0x1C, 0x20, 0x23, 0x26, 0x29, 0x2B, 0x2C, 0x2D, 0x2E, 0x2E, 0x2E, 0x2D,
    0x2C, 0x2A, 0x28, 0x25, 0x22, 0x1F, 0x1B, 0x17, 0x13, 0x0E, 0x0A, 0x05, 0x00, 0xFB, 0xF6, 0xF2,
    0xED, 0xE9, 0xD0, 0xE5, 0xE1, 0xDD, 0xDA, 0xD7, 0xD5, 0xD3, 0xD2, 0xD1, 0xD1, 0xD1, 0xD1, 0xD2,
    0xD4, 0xD6, 0xD9, 0xDB, 0xDF, 0xE2, 0xE6, 0xEB, 0xEF, 0xF4, 0xF8, 0xFD, 0x02, 0x07, 0x0C, 0x10,
    0x15, 0x19, 0x1D, 0xD0, 0x20, 0x24, 0x26, 0x29, 0x2B, 0x2D, 0x2E, 0x2E, 0x2E, 0x2E, 0x2D, 0x2C,
    0x2A, 0x27, 0x25, 0x22, 0x1E, 0x1A, 0x16, 0x12, 0x0D, 0x09, 0x04, 0xFF, 0xFA, 0xF5, 0xF1, 0xEC,
    0xE8, 0xE4, 0xE0, 0xDD, 0xD0, 0xDA, 0xD7, 0xD5, 0xD3, 0xD2, 0xD1, 0xD1, 0xD1, 0xD2, 0xD3, 0xD4,
    0xD7, 0xD9, 0xDC, 0xDF, 0xE3, 0xE7, 0xEB, 0xF0, 0xF4, 0xF9, 0xFE, 0x03, 0x08, 0x0C, 0x11, 0x15,
    0x1A, 0x1D, 0x21, 0x24, 0x27, 0xD0, 0x29, 0x2B, 0x2D, 0x2E, 0x2E, 0x2E, 0x2E, 0x2D, 0x2B, 0x29,
    0x27, 0x24, 0x21, 0x1D, 0x1A, 0x15, 0x11, 0x0C, 0x08, 0x03, 0xFE, 0xF9, 0xF4, 0xF0, 0xEB, 0xE7,
    0xE3, 0xDF, 0xDC, 0xD9, 0xD7, 0xD4, 0xD0, 0xD3, 0xD2, 0xD1, 0xD1, 0xD1, 0xD2, 0xD3, 0xD5, 0xD7,
    0xDA, 0xDD, 0xE0, 0xE4, 0xE8, 0xEC, 0xF1, 0xF5, 0xFA, 0xFF, 0x04, 0x09, 0x0D, 0x12, 0x16, 0x1A,
    0x1E, 0x22, 0x25, 0x27, 0x2A, 0x2C, 0x2D, 0xD0, 0x2E, 0x2E, 0x2E, 0x2E, 0x2D, 0x2B, 0x29, 0x27,
    0x24, 0x20, 0x1D, 0x19, 0x15, 0x10, 0x0C, 0x07, 0x02, 0xFD, 0xF8, 0xF4, 0xEF, 0xEB, 0xE6, 0xE2,
    0xDF, 0xDC, 0xD9, 0xD6, 0xD4, 0xD2, 0xD1, 0xD1, 0xD0, 0xD1, 0xD1, 0xD2, 0xD3, 0xD5, 0xD7, 0xDA,
    0xDD, 0xE1, 0xE5, 0xE9, 0xED, 0xF2, 0xF6, 0xFB, 0x00, 0x05, 0x09, 0x0E, 0x13, 0x17, 0x1B, 0x1F,
    0x22, 0x25, 0x28, 0x2A, 0x2C, 0x2D, 0x2E, 0x2E, 0x2E, 0xD0, 0x2D, 0x2C, 0x2B, 0x29, 0x26, 0x23,
    0x20, 0x1C, 0x18, 0x14, 0x0F, 0x0B, 0x06, 0x01, 0xFC, 0xF7, 0xF3, 0xEE, 0xEA, 0xE6, 0xE2, 0xDE,
    0xDB, 0xD8, 0xD6, 0xD4, 0xD2, 0xD1, 0xD1, 0xD1, 0xD1, 0xD2, 0xD0, 0xD4, 0xD6, 0xD8, 0xDB, 0xDE,
    0xE1, 0xE5, 0xE9, 0xEE, 0xF2, 0xF7, 0xFC, 0x01, 0x06, 0x0A, 0x0F, 0x13, 0x18, 0x1C, 0x1F, 0x23,
    0x26, 0x28, 0x2B, 0x2C, 0x2D, 0x2E, 0x2E, 0x2E, 0x2D, 0x2C, 0x2A, 0xD0, 0x28, 0x25, 0x22, 0x1F,
    0x1B, 0x17, 0x13, 0x0E, 0x0A, 0x05, 0x00, 0xFB, 0xF7, 0xF2, 0xED, 0xE9, 0xE5, 0xE1, 0xDD, 0xDA,
    0xD8, 0xD5, 0xD3, 0xD2, 0xD1, 0xD1, 0xD1, 0xD1, 0xD2, 0xD4, 0xD6, 0xD8, 0xD0, 0xDB, 0xDF, 0xE2,
    0xE6, 0xEA, 0xEF, 0xF3, 0xF8, 0xFD, 0x02, 0x06, 0x0B, 0x10, 0x14, 0x19, 0x1C, 0x20, 0x23, 0x26,
    0x29, 0x2B, 0x2C, 0x2E, 0x2E, 0x2E, 0x2E, 0x2D, 0x2C, 0x2A, 0x28, 0x25, 0x22, 0xD0, 0x1E, 0x1B,
    0x16, 0x12, 0x0E, 0x09, 0x04, 0xFF, 0xFA, 0xF6, 0xF1, 0xEC, 0xE8, 0xE4, 0xE0, 0xDD, 0xDA, 0xD7,
    0xD5, 0xD3, 0xD2, 0xD1, 0xD1, 0xD1, 0xD1, 0xD3, 0xD4, 0xD6, 0xD9, 0xDC, 0xDF, 0xE3, 0xD0, 0xE7,
    0xEB, 0xF0, 0xF4, 0xF9, 0xFE, 0x03, 0x07, 0x0C, 0x11, 0x15, 0x19, 0x1D, 0x21, 0x24, 0x27, 0x29,
    0x2B, 0x2D, 0x2E, 0x2E, 0x2E, 0x2E, 0x2D, 0x2B, 0x2A, 0x27, 0x24, 0x21, 0x1E, 0x1A, 0x16, 0xD0,
    0x11, 0x0D, 0x08, 0x03, 0xFE, 0xFA, 0xF5, 0xF0, 0xEC, 0xE7, 0xE3, 0xE0, 0xDC, 0xD9, 0xD7, 0xD5,
    0xD3, 0xD2, 0xD1, 0xD1, 0xD1, 0xD2, 0xD3, 0xD5, 0xD7, 0xD9, 0xDC, 0xE0, 0xE4, 0xE8, 0xEC, 0xF0,
    0xD0, 0xF5, 0xFA, 0xFF, 0x03, 0x08, 0x0D, 0x12, 0x16, 0x1A, 0x1E, 0x21, 0x25, 0x27, 0x2A, 0x2C,
    0x2D, 0x2E, 0x2E, 0x2E, 0x2E, 0x2D, 0x2B, 0x29, 0x27, 0x24, 0x21, 0x1D, 0x19, 0x15, 0x10, 0x0C,
    0x07, 0xD0, 0x02, 0xFD, 0xF9, 0xF4, 0xEF, 0xEB, 0xE7, 0xE3, 0xDF, 0xDC, 0xD9, 0xD6, 0xD4, 0xD3,
    0xD1, 0xD1, 0xD1, 0xD1, 0xD2, 0xD3, 0xD5, 0xD7, 0xDA, 0xDD, 0xE1, 0xE4, 0xE8, 0xED, 0xF1, 0xF6,
    0xFB, 0x00, 0xD0, 0x04, 0x09, 0x0E, 0x12, 0x17, 0x1B, 0x1F, 0x22, 0x25, 0x28, 0x2A, 0x2C, 0x2D,
    0x2E, 0x2E, 0x2E, 0x2E, 0x2C, 0x2B, 0x29, 0x26, 0x23, 0x20, 0x1C, 0x18, 0x14, 0x10, 0x0B, 0x06,
    0x01, 0xFD, 0xF8, 0xD0, 0xF3, 0xEE, 0xEA, 0xE6, 0xE2, 0xDE, 0xDB, 0xD8, 0xD6, 0xD4, 0xD2, 0xD1,
    0xD1, 0xD1, 0xD1, 0xD2, 0xD3, 0xD5, 0xD8, 0xDA, 0xDE, 0xE1, 0xE5, 0xE9, 0xEE, 0xF2, 0xF7, 0xFC,
    0x00, 0x05, 0x0A, 0x0F, 0xD0, 0x13, 0x17, 0x1B, 0x1F, 0x23, 0x26, 0x28, 0x2A, 0x2C, 0x2D, 0x2E,
    0x2E, 0x2E, 0x2D, 0x2C, 0x2A, 0x28, 0x26, 0x23, 0x1F, 0x1C, 0x18, 0x13, 0x0F, 0x0A, 0x05, 0x01,
    0xFC, 0xF7, 0xF2, 0xEE, 0xE9, 0xD0, 0xE5, 0xE1, 0xDE, 0xDB, 0xD8, 0xD5, 0xD4, 0xD2, 0xD1, 0xD1,
    0xD1, 0xD1, 0xD2, 0xD4, 0xD6, 0xD8, 0xDB, 0xDE, 0xE2, 0xE6, 0xEA, 0xEE, 0xF3, 0xF8, 0xFD, 0x01,
    0x06, 0x0B, 0x10, 0x14, 0x18, 0x1C, 0xD0, 0x20, 0x23, 0x26, 0x29, 0x2B, 0x2C, 0x2E, 0x2E, 0x2E,
    0x2E, 0x2D, 0x2C, 0x2A, 0x28, 0x25, 0x22, 0x1F, 0x1B, 0x17, 0x12, 0x0E, 0x09, 0x04, 0x00, 0xFB,
    0xF6, 0xF1, 0xED, 0xE8, 0xE4, 0xE1, 0xDD, 0xD0, 0xDA, 0xD7, 0xD5, 0xD3, 0xD2, 0xD1, 0xD1, 0xD1,
    0xD1, 0xD3, 0xD4, 0xD6, 0xD9, 0xDC, 0xDF, 0xE3, 0xE7, 0xEB, 0xEF, 0xF4, 0xF9, 0xFD, 0x02, 0x07,
    0x0C, 0x10, 0x15, 0x19, 0x1D, 0x21, 0x24, 0x27, 0xD0, 0x29, 0x2B, 0x2D, 0x2E, 0x2E, 0x2E, 0x2E,
    0x2D, 0x2C, 0x2A, 0x27, 0x25, 0x21, 0x1E, 0x1A, 0x16, 0x12, 0x0D, 0x08, 0x04, 0xFF, 0xFA, 0xF5,
    0xF0, 0xEC, 0xE8, 0xE4, 0xE0, 0xDD, 0xD9, 0xD7, 0xD5, 0xD0, 0xD3, 0xD2, 0xD1, 0xD1, 0xD1, 0xD2,
    0xD3, 0xD4, 0xD7, 0xD9, 0xDC, 0xE0, 0xE3, 0xE7, 0xEC, 0xF0, 0xF5, 0xF9, 0xFE, 0x03, 0x08, 0x0D,
    0x11, 0x16, 0x1A, 0x1E, 0x21, 0x24, 0x27, 0x2A, 0x2B, 0x2D, 0xD0, 0x2E, 0x2E, 0x2E, 0x2E, 0x2D,
    0x2B, 0x29, 0x27, 0x24, 0x21, 0x1D, 0x19, 0x15, 0x11, 0x0C, 0x07, 0x03, 0xFE, 0xF9, 0xF4, 0xF0,
    0xEB, 0xE7, 0xE3, 0xDF, 0xDC, 0xD9, 0xD6, 0xD4, 0xD3, 0xD2, 0xD1, 0xD0, 0xD1, 0xD1, 0xD2, 0xD3,
    0xD5, 0xD7, 0xDA, 0xDD, 0xE0, 0xE4, 0xE8, 0xEC, 0xF1, 0xF6, 0xFA, 0xFF, 0x04, 0x09, 0x0D, 0x12,
    0x16, 0x1A, 0x1E, 0x22, 0x25, 0x28, 0x2A, 0x2C, 0x2D, 0x2E, 0x2E, 0x2E, 0xD0, 0x2E, 0x2C, 0x2B,
    0x29, 0x26, 0x23, 0x20, 0x1D, 0x19, 0x14, 0x10, 0x0B, 0x07, 0x02, 0xFD, 0xF8, 0xF3, 0xEF, 0xEA,
    0xE6, 0xE2, 0xDF, 0xDB, 0xD8, 0xD6, 0xD4, 0xD2, 0xD1, 0xD1, 0xD1, 0xD1, 0xD2, 0xD0, 0xD3, 0xD5,
    0xD8, 0xDA, 0xDD, 0xE1, 0xE5, 0xE9, 0xED, 0xF2, 0xF6, 0xFB, 0x00, 0x05, 0x0A, 0x0E, 0x13, 0x17,
    0x1B, 0x1F, 0x22, 0x25, 0x28, 0x2A, 0x2C, 0x2D, 0x2E, 0x2E, 0x2E, 0x2E, 0x2C, 0x2B, 0xD0, 0x28,
    0x26, 0x23, 0x20, 0x1C, 0x18, 0x14, 0x0F, 0x0A, 0x06, 0x01, 0xFC, 0xF7, 0xF2, 0xEE, 0xEA, 0xE5,
    0xE1, 0xDE, 0xDB, 0xD8, 0xD6, 0xD4, 0xD2, 0xD1, 0xD1, 0xD1, 0xD1, 0xD2, 0xD4, 0xD6, 0xD8, 0xD0,
    0xDB, 0xDE, 0xE2, 0xE6, 0xEA, 0xEE, 0xF3, 0xF7, 0xFC, 0x01, 0x06, 0x0B, 0x0F, 0x14, 0x18, 0x1C,
    0x20, 0x23, 0x26, 0x29, 0x2B, 0x2C, 0x2E, 0x2E, 0x2E, 0x2E, 0x2D, 0x2C, 0x2A, 0x28, 0x25, 0x22,
    0xD0, 0x1F, 0x1B, 0x17, 0x13, 0x0E, 0x09, 0x05, 0x00, 0xFB, 0xF6, 0xF1, 0xED, 0xE8, 0xE4, 0xE1,
    0xDD, 0xDA, 0xD7, 0xD5, 0xD3, 0xD2, 0xD1, 0xD1, 0xD1, 0xD1, 0xD2, 0xD4, 0xD6, 0xD9, 0xDC, 0xDF,
    0xE3, 0xD0, 0xE7, 0xEB, 0xEF, 0xF4, 0xF9, 0xFE, 0x02, 0x07, 0x0C, 0x11, 0x15, 0x19, 0x1D, 0x21,
    0x24, 0x27, 0x29, 0x2B, 0x2D, 0x2E, 0x2E, 0x2E, 0x2E, 0x2D, 0x2C, 0x2A, 0x27, 0x25, 0x21, 0x1E,
    0x1A, 0x16, 0xD0, 0x11, 0x0D, 0x08, 0x03, 0xFE, 0xFA, 0xF5, 0xF0, 0xEC, 0xE7, 0xE3, 0xE0, 0xDC,
    0xD9, 0xD7, 0xD4, 0xD3, 0xD1, 0xD1, 0xD0, 0xD1, 0xD1, 0xD3, 0xD4, 0xD7, 0xD9, 0xDC, 0xE0, 0xE3,
    0xE7, 0xEC, 0xF0, 0xD0, 0xF5, 0xFA, 0xFF, 0x03, 0x08, 0x0D, 0x12, 0x16, 0x1A, 0x1E, 0x22, 0x25,
    0x27, 0x2A, 0x2C, 0x2D, 0x2E, 0x2F, 0x2F, 0x2E, 0x2D, 0x2B, 0x29, 0x27, 0x24, 0x21, 0x1D, 0x19,
    0x15, 0x11, 0x0C, 0x07, 0xD0, 0x03, 0xFE, 0xF9, 0xF4, 0xEF, 0xEB, 0xE7, 0xE3, 0xDF, 0xDC, 0xD9,
    0xD6, 0xD4, 0xD2, 0xD1, 0xD1, 0xD0, 0xD1, 0xD2, 0xD3, 0xD5, 0xD7, 0xDA, 0xDD, 0xE0, 0xE4, 0xE8,
    0xEC, 0xF1, 0xF6, 0xFA, 0xFF, 0xD0, 0x04, 0x09, 0x0E, 0x12, 0x17, 0x1B, 0x1E, 0x22, 0x25, 0x28,
    0x2A, 0x2C, 0x2D, 0x2E, 0x2F, 0x2E, 0x2E, 0x2D, 0x2B, 0x29, 0x27, 0x24, 0x20, 0x1D, 0x19, 0x15,
    0x10, 0x0B, 0x07, 0x02, 0xFD, 0xF8, 0xD0, 0xF3, 0xEF, 0xEA, 0xE6, 0xE2, 0xDF, 0xDB, 0xD8, 0xD6,
    0xD4, 0xD2, 0xD1, 0xD1, 0xD1, 0xD1, 0xD2, 0xD3, 0xD5, 0xD7, 0xDA, 0xDD, 0xE1, 0xE5, 0xE9, 0xED,
    0xF2, 0xF6, 0xFB, 0x00, 0x05, 0x09, 0x0E, 0xD0, 0x13, 0x17, 0x1B, 0x1F, 0x22, 0x25, 0x28, 0x2A,
    0x2C, 0x2D, 0x2E, 0x2E, 0x2E, 0x2E, 0x2C, 0x2B, 0x29, 0x26, 0x23, 0x20, 0x1C, 0x18, 0x14, 0x0F,
    0x0B, 0x06, 0x01, 0xFC, 0xF8, 0xF3, 0xEE, 0xEA, 0xD0, 0xE6, 0xE2, 0xDE, 0xDB, 0xD8, 0xD6, 0xD4,
    0xD2, 0xD1, 0xD1, 0xD1, 0xD1, 0xD2, 0xD4, 0xD5, 0xD8, 0xDB, 0xDE, 0xE1, 0xE5, 0xE9, 0xEE, 0xF2,
    0xF7, 0xFC, 0x01, 0x05, 0x0A, 0x0F, 0x13, 0x18, 0x1C, 0xD0, 0x1F, 0x23, 0x26, 0x28, 0x2B, 0x2C,
    0x2D, 0x2E, 0x2E, 0x2E, 0x2D, 0x2C, 0x2A, 0x28, 0x26, 0x23, 0x1F, 0x1B, 0x17, 0x13, 0x0F, 0x0A,
    0x05, 0x00, 0xFC, 0xF7, 0xF2, 0xEE, 0xE9, 0xE5, 0xE1, 0xDE, 0xD0, 0xDA, 0xD8, 0xD5, 0xD3, 0xD2,
    0xD1, 0xD1, 0xD1, 0xD1, 0xD2, 0xD4, 0xD6, 0xD8, 0xDB, 0xDE, 0xE2, 0xE6, 0xEA, 0xEF, 0xF3, 0xF8,
    0xFD, 0x01, 0x06, 0x0B, 0x10, 0x14, 0x18, 0x1C, 0x20, 0x23, 0x26, 0xD0, 0x29, 0x2B, 0x2C, 0x2E,
    0x2E, 0x2E, 0x2E, 0x2D, 0x2C, 0x2A, 0x28, 0x25, 0x22, 0x1E, 0x1B, 0x17, 0x12, 0x0E, 0x09, 0x04,
    0xFF, 0xFB, 0xF6, 0xF1, 0xED, 0xE8, 0xE4, 0xE0, 0xDD, 0xDA, 0xD7, 0xD5, 0xD0, 0xD3, 0xD2, 0xD1,
    0xD1, 0xD1, 0xD1, 0xD3, 0xD4, 0xD6, 0xD9, 0xDC, 0xDF, 0xE3, 0xE7, 0xEB, 0xEF, 0xF4, 0xF9, 0xFE,
    0x02, 0x07, 0x0C, 0x11, 0x15, 0x19, 0x1D, 0x21, 0x24, 0x27, 0x29, 0x2B, 0x2D, 0xD0, 0x2E, 0x2E,
    0x2E, 0x2E, 0x2D, 0x2B, 0x2A, 0x27, 0x24, 0x21, 0x1E, 0x1A, 0x16, 0x11, 0x0D, 0x08, 0x03, 0xFE,
    0xFA, 0xF5, 0xF0, 0xEC, 0xE8, 0xE4, 0xE0, 0xDC, 0xD9, 0xD7, 0xD5, 0xD3, 0xD2, 0xD1, 0xFF, 0xFF,
    0xFF, 0xFF, 0xFF, 0xFF, 0xFF, 0xFF, 0xFF, 0xFF, 0xFF, 0xFF, 0xFF, 0xFF, 0xFF, 0xFF, 0xFF, 0xFF,
    0xFF, 0xFF, 0xFF, 0xFF, 0xFF, 0xFF, 0xFF, 0xFF, 0xFF, 0xFF, 0xFF, 0xFF, 0xFF, 0xFF, 0xFF, 0xFF,
    0xFF, 0xFF, 0xFF, 0xFF, 0xFF, 0xFF, 0xFF, 0xFF, 0xFF, 0xFF, 0xFF, 0xFF, 0xFF, 0xFF, 0xFF, 0xFF,
    0xFF, 0xFF, 0xFF, 0xFF, 0xFF, 0xFF, 0xFF, 0xFF, 0xFF, 0xFF, 0xFF, 0xFF, 0xFF, 0xFF, 0xFF, 0xFF,
    0xFF, 0xFF, 0xFF, 0xFF, 0xFF, 0xFF, 0xFF, 0xFF, 0xFF, 0xFF, 0xFF, 0xFF, 0xFF, 0xFF, 0xFF, 0xFF,
    0xFF, 0xFF, 0xFF, 0xFF, 0xFF, 0xFF, 0xFF, 0xFF, 0xFF, 0xFF, 0xFF, 0xFF, 0xFF, 0xFF, 0xFF, 0xFF,
    0xFF, 0xFF, 0xFF, 0xFF, 0xFF, 0xFF, 0xFF, 0xFF, 0xFF, 0xFF, 0xFF, 0xFF, 0xFF, 0xFF, 0xFF, 0xFF,
    0xFF, 0xFF, 0xFF, 0xFF, 0xFF, 0xFF, 0xFF, 0xFF, 0xFF, 0xFF, 0xFF, 0xFF, 0xFF, 0xFF, 0xFF, 0xFF,
    0xFF, 0xFF, 0xFF, 0xFF, 0xFF, 0xFF, 0xFF, 0xFF, 0xFF, 0xFF, 0xFF, 0xFF, 0xFF, 0xFF, 0xFF, 0xFF,
    0xFF, 0xFF, 0xFF, 0xFF, 0xFF, 0xFF, 0xFF, 0xFF, 0xFF, 0xFF, 0xFF, 0xFF, 0xFF, 0xFF, 0xFF, 0xFF,
    0xFF, 0xFF, 0xFF, 0xFF, 0xFF, 0xFF, 0xFF, 0xFF, 0xFF, 0xFF, 0xFF, 0xFF, 0xFF, 0xFF, 0xFF, 0xFF,
    0xFF, 0xFF, 0xFF, 0xFF, 0xFF, 0xFF, 0xFF, 0xFF, 0xFF, 0xFF, 0xFF, 0xFF, 0xFF, 0xFF, 0xFF, 0xFF,
    0xFF, 0xFF, 0xFF, 0xFF, 0xFF, 0xFF, 0xFF, 0xFF, 0xFF, 0xFF, 0xFF, 0xFF, 0xFF, 0xFF, 0xFF, 0xFF,
    0xFF, 0xFF, 0xFF, 0xFF, 0xFF, 0xFF, 0xFF, 0xFF, 0xFF, 0xFF, 0xFF, 0xFF, 0xFF, 0xFF, 0xFF, 0xFF,
    0xFF, 0xFF, 0xFF, 0xFF, 0xFF, 0xFF, 0xFF, 0xFF, 0xFF, 0xFF, 0xFF, 0xFF, 0xFF, 0xFF, 0xFF, 0xFF,
    0xFF, 0xFF, 0xFF, 0xFF, 0xFF, 0xFF, 0xFF, 0xFF, 0xFF, 0xFF, 0xFF, 0xFF, 0xFF, 0xFF, 0xFF, 0xFF,
    0xFF, 0xFF, 0xFF, 0xFF, 0xFF, 0xFF, 0xFF, 0xFF, 0xFF, 0xFF, 0xFF, 0xFF, 0xFF, 0xFF, 0xFF, 0xFF,
    0xFF, 0xFF, 0xFF, 0xFF, 0xFF, 0xFF, 0xFF, 0xFF, 0xFF, 0xFF, 0xFF, 0xFF, 0xFF, 0xFF, 0xFF, 0xFF,
    0xFF, 0xFF, 0xFF, 0xFF, 0xFF, 0xFF, 0xFF, 0xFF, 0xFF, 0xFF, 0xFF, 0xFF, 0xFF, 0xFF, 0xFF, 0xFF,
    0xFF, 0xFF, 0xFF, 0xFF, 0xFF, 0xFF, 0xFF, 0xFF, 0xFF, 0xFF, 0xFF, 0xFF, 0xFF, 0xFF, 0xFF, 0xFF,
    0xFF, 0xFF, 0xFF, 0xFF, 0xFF, 0xFF, 0xFF, 0xFF, 0xFF, 0xFF, 0xFF, 0xFF,
};

APPEND_RODATA const GaxSpeechEntry gGaxVoiceTable[] = {
    { sVoiceBlob_0, 0x80002B0E },
    { sVoiceBlob_1, 0x80002B0E },
};
